,text,polarity,subjectivity,date,sentiment
0,Omers Administration Has Lifted By $1.52 Million Its Coca Cola Co $KO Position https://t.co/dwcb1yoCEO,0.0,0.0,2018-02-03 19:27:49,neutral
1,"RT @firestone_brian: #Wellsfargo Gets Sanctioned and Curbed By the Fed But Will They Clean Their Swamp That Is Their Pharma Analyst, David‚Ä¶",0.366666666667,0.7,2018-02-03 18:51:27,positive
2,"Thompson Investment Management Cut Coca Cola Co $KO Stake by $422,685 https://t.co/PXbLtvbOFU",0.0,0.0,2018-02-03 18:33:10,neutral
3,"RT @firestone_brian: #Wellsfargo Gets Sanctioned and Curbed By the Fed But Will They Clean Their Swamp That Is Their Pharma Analyst, David‚Ä¶",0.366666666667,0.7,2018-02-03 18:30:25,positive
4,Pinnacle Associates Ltd. Has $5.13 Million Stake in The Coca-Cola Co $KO https://t.co/2uKq1u75WE,0.0,0.0,2018-02-03 18:25:25,neutral
5,The Coca-Cola Co $KO Position Cut by Fiduciary Group LLC https://t.co/HJuxw2mrEc,0.0,0.0,2018-02-03 18:25:13,neutral
6,Pinnacle Financial Partners Has Boosted Coca Cola Co $KO Holding https://t.co/14Qfgkg3YR,0.0,0.0,2018-02-03 17:39:24,neutral
7,"RT @NYSE: This Opening Bell with @Dietcoke was a little feisty and a little twisted, but in the end helped us find our zest self (NYSE: $KO‚Ä¶",-0.291666666667,0.666666666667,2018-02-03 16:40:53,negative
8,Coca Cola Co $KO Stock Rose While Ycg Cut Its Stake https://t.co/NSWcKnIulq,0.6,0.95,2018-02-03 16:40:45,positive
9,"The Economy is Booming, Unemployment is Low, Stock Mkt is @ All Time Highs 
&amp; I Can't Feel It
 $aapl $amzn $agn‚Ä¶ https://t.co/OeJI8LK5MW",0.0,0.3,2018-02-03 16:20:58,neutral
10,Coca $KO Holder Armstrong Henry H Associates Has Trimmed Position as Valuation Rose https://t.co/zblDwQ6ZO8,0.6,0.95,2018-02-03 16:18:04,positive
11,Sva Plumb Wealth Management Lowered Its Holding in Coca Cola Co Com $KO by $1.65 Million as Valuation Rose ...,0.6,0.95,2018-02-03 16:13:24,positive
12,RT @kingoption3: $BTC $spx $nasdaq $ftse $dax $cac $djia $c $XOM $amzn $googl $AVGO $AAPL $WFM $cvs $bac $WMT $COST $WFC $jnj $GE $GS $tsla‚Ä¶,0.0,0.0,2018-02-03 15:27:04,neutral
13,Commerzbank Aktiengesellschaft FI Decreases Stake in The Coca-Cola Co $KO https://t.co/L7OnjEBZwm,0.0,0.0,2018-02-03 15:24:45,neutral
14,RT @kingoption3: $BTC $spx $nasdaq $ftse $dax $cac $djia $c $XOM $amzn $googl $AVGO $AAPL $WFM $cvs $bac $WMT $COST $WFC $jnj $GE $GS $tsla‚Ä¶,0.0,0.0,2018-02-03 15:13:50,neutral
15,"As Coca $KO Shares Rose, Saratoga Research &amp; Investment Management Has Lowered Stake https://t.co/Iq6hDmWs3R",0.6,0.95,2018-02-03 15:13:49,positive
16,Big Call Buyers https://t.co/dJ2oMHMJQv $JPM $BAC $APO $AMGN $KO $AVGO $ROKU $AMT $AMED $MTG $TEVA $GRMN $VLO $LJPC $WMT $TDC $JD $VZ,0.0,0.1,2018-02-03 14:41:44,neutral
17,"Visionary Asset Management Position in Coca Cola Co $KO Has Trimmed by $387,225 as Share Value Rose ...",0.6,0.95,2018-02-03 14:31:50,positive
18,"RT @firestone_brian: #Wellsfargo Gets Sanctioned and Curbed By the Fed But Will They Clean Their Swamp That Is Their Pharma Analyst, David‚Ä¶",0.366666666667,0.7,2018-02-03 14:11:46,positive
19,"Howard Capital Management Position in Coca Cola Co $KO Has Upped by $398,025 https://t.co/rALMQFGhFB",0.0,0.0,2018-02-03 12:46:14,neutral
20,"#Wellsfargo Gets Sanctioned and Curbed By the Fed But Will They Clean Their Swamp That Is Their Pharma Analyst, Dav‚Ä¶ https://t.co/IeBUH7XRE9",0.366666666667,0.7,2018-02-03 12:30:20,positive
21,The Coca-Cola $KO versus Long Blockchain $LBCC Financial Review https://t.co/J4OnPLcVis,-0.025,0.2,2018-02-03 12:21:39,negative
22,RT @kingoption3: $BTC $spx $nasdaq $ftse $dax $cac $djia $c $XOM $amzn $googl $AVGO $AAPL $WFM $cvs $bac $WMT $COST $WFC $jnj $GE $GS $tsla‚Ä¶,0.0,0.0,2018-02-03 12:11:29,neutral
23,$BTC $spx $nasdaq $ftse $dax $cac $djia $c $XOM $amzn $googl $AVGO $AAPL $WFM $cvs $bac $WMT $COST $WFC $jnj $GE‚Ä¶ https://t.co/UBnigmYs2u,0.0,0.0,2018-02-03 12:09:56,neutral
24,"As Coca Cola $KO Shares Rose, Halsey Associates Cut Its Holding https://t.co/uXMy8bIJ6B",0.6,0.95,2018-02-03 11:47:01,positive
25,Coca $KO Stake Held by Rbo &amp; Co Llc https://t.co/GWHma8f4wa,0.0,0.0,2018-02-03 11:46:13,neutral
26,The Coca-Cola Co $KO Position Cut by Pinnacle Associates Ltd. https://t.co/M3Ar3Eonpd,0.0,0.0,2018-02-03 11:15:33,neutral
27,"Fiduciary Group LLC Sells 10,518 Shares of The Coca-Cola Co $KO https://t.co/aeFGKIn77e",0.0,0.0,2018-02-03 10:39:15,neutral
28,Coca Cola Co $KO Holding Has Upped by Findlay Park Partners Llp https://t.co/aR5f6FrXc7,0.0,0.0,2018-02-03 10:18:15,neutral
29,"$AAPL $AMZN $KO $PEP $XRX:

Big Bounces Follow Big Market Selloffs; Who‚Äôs the Bad Apple of ‚Ä¶:

https://t.co/sFDpUadSDr",-0.233333333333,0.288888888889,2018-02-03 10:05:06,negative
30,It's good to buy and hodl $KO https://t.co/NwLCcVLxok,0.7,0.6,2018-02-03 07:14:08,positive
31,It's good to buy and hodl - $KO chart https://t.co/tv8jLvd40U,0.7,0.6,2018-02-03 07:14:08,positive
32,"RT @lolaperez0211: Market cap of the world‚Äôs most valuable companies

#dow #nasdaq #nyse #SP500 #CAC40 #FTSE #nikkei 
$AAPL $AMZN $XOM $GOO‚Ä¶",0.5,0.5,2018-02-03 06:44:54,positive
33,Traders Buy Shares of The Coca-Cola $KO on Weakness https://t.co/2NM9D9oH4o,0.0,0.0,2018-02-03 04:03:12,neutral
34,$KO open interest for maturity 02/09/2018. High put=46.00 High call=49.00 #maxpain #options https://t.co/iWALG6fr2k https://t.co/9oCIHdiXj4,0.106666666667,0.526666666667,2018-02-03 02:37:24,positive
35,"Did Anybody @ #Wellsfargo Ask Pharma Analyst, David Maris Why He Deleted His Tweet About Mike Pearson?Would They Ha‚Ä¶ https://t.co/7wFrE6nnau",0.0,0.0,2018-02-03 01:10:43,neutral
36,Life Insurance Exam: Top 10 Ways To Ace Your Test https://t.co/Bgl2o6ko5S #lifeinsurance $SBUX $KO $PEP $SPY,0.5,0.5,2018-02-03 01:05:26,positive
37,K we know a bag of popcorn is .03c and a coke $ko is .07c yet $amc markers it up to $10-14 for this crap. $HMNY,-0.8,0.8,2018-02-03 00:50:28,negative
38,RT @CannaInvestor: Soda &amp; Sativa: How This Company‚Äôs Strategy Resembles Coca Cola üåø $MRMD $KO @MariMedInc @CocaCola #Marijuana #Cannabis #S‚Ä¶,0.0,0.0,2018-02-03 00:16:46,neutral
39,RT @CannaInvestor: Soda &amp; Sativa: How This Company‚Äôs Strategy Resembles Coca Cola üåø $MRMD $KO @MariMedInc @CocaCola #Marijuana #Cannabis #S‚Ä¶,0.0,0.0,2018-02-03 00:13:49,neutral
40,RT @kingoption3: $BTC $spx $nasdaq $ftse $dax $cac $djia $c $XOM $amzn $googl $AVGO $AAPL $WFM $cvs $bac $WMT $COST $WFC $jnj $GE $GS $tsla‚Ä¶,0.0,0.0,2018-02-02 22:11:43,neutral
41,https://t.co/gu5gmbsWGe | 42s top5 $VCO $SKX $KBSF $PFGC $PVH | top5 mktGain $BTI $BUD $SNE $ABEV $KO | top5 mktLos‚Ä¶ https://t.co/be2QyJ7JrQ,0.0,0.0,2018-02-02 21:09:29,neutral
42,$BTC $spx $nasdaq $ftse $dax $cac $djia $c $XOM $amzn $googl $AVGO $AAPL $WFM $cvs $bac $WMT $COST $WFC $jnj $GE‚Ä¶ https://t.co/1iu6U7vLRz,0.0,0.0,2018-02-02 20:57:50,neutral
43,Coca Cola Co $KO Shareholder Vontobel Asset Management Upped Its Stake by $4.05 Million as Market Valuation...,0.0,0.0,2018-02-02 20:53:07,neutral
44,"has anyone else used this? i've been getting in on some great trades from it https://t.co/6GZq9S9TVd
$KO $CNX $CEIX https://t.co/mHzB6rGvuu",0.8,0.75,2018-02-02 20:31:45,positive
45,Coca Cola Co $Put $KO Holder 683 Capital Management Decreased Its Position by $4.50 Million as Share Value ...,-0.4,0.7,2018-02-02 20:24:40,negative
46,https://t.co/gu5gmbsWGe | 42s top5 $VCO $SKX $KBSF $PFGC $PVH | top5 mktGain $SNE $BUD $BTI $KO $ABEV | top5 mktLos‚Ä¶ https://t.co/nmBdPepWKf,0.0,0.0,2018-02-02 20:09:16,neutral
47,@Roymac28 Today's trade has changed the complexion of some charts. S&amp;P target is now down at 2729 and $ko is indica‚Ä¶ https://t.co/eVn1YvImfz,-0.155555555556,0.288888888889,2018-02-02 20:00:13,negative
48,"Ready for Right to Left ? $DJI #dow26k @PRO_FITS üòã
$AAPL $AXP $BA $CAT $CSCO $CVX $DIS $DWDP $GE $GS $HD $IBM $INTC‚Ä¶ https://t.co/W9Q9JfZaFE",0.161904761905,0.345238095238,2018-02-02 19:48:47,positive
49,Investment Centers of America Inc. Cuts Holdings in The Coca-Cola Co $KO https://t.co/Qytgue1yEL,0.0,0.0,2018-02-02 19:46:13,neutral
50,Hs Management Partners Stake In Coca Cola Co $KO Was Has Boosted https://t.co/kW7DrruS15,0.0,0.0,2018-02-02 19:38:02,neutral
51,$KO hits are pull back target of  46.86.,0.0,0.0,2018-02-02 19:37:49,neutral
52,RT @CannaInvestor: Soda &amp; Sativa: How This Company‚Äôs Strategy Resembles Coca Cola üåø $MRMD $KO @MariMedInc @CocaCola #Marijuana #Cannabis #S‚Ä¶,0.0,0.0,2018-02-02 19:23:33,neutral
53,Soda &amp; Sativa: How This Company‚Äôs Strategy Resembles Coca Cola üåø $MRMD $KO @MariMedInc @CocaCola #Marijuana‚Ä¶ https://t.co/HoFw9XhA3Q,0.0,0.0,2018-02-02 19:20:18,neutral
54,https://t.co/gu5gmbsWGe | 42s top5 $VCO $SKX $KBSF $PFGC $PVH | top5 mktGain $SNE $BUD $BTI $ABEV $KO | top5 mktLos‚Ä¶ https://t.co/Qer4zGRC0D,0.0,0.0,2018-02-02 19:09:10,neutral
55,Ycg Has Trimmed Its Coca Cola Co $KO Holding https://t.co/0cBNiTznv6,0.0,0.0,2018-02-02 19:08:54,neutral
56,Swiss National Bank Has Boosted Coca Cola Co $KO Position https://t.co/m1chEnlyaX,0.0,0.0,2018-02-02 18:28:46,neutral
57,P&amp;G &amp; these other Dow stocks go down the least when the market is in the grips of a sell-off‚Ä¶ https://t.co/aeTWlj2NFo,-0.193518518519,0.35462962963,2018-02-02 18:26:03,negative
58,$AAPL $AXP $CAT $CSCO $CVX $GE $IBM $JNJ $KO $MCD $MRK $PFE $PG $TRV $UNH $VZ $XOM https://t.co/RSUIuzpeF9,0.0,0.0,2018-02-02 17:14:12,neutral
59,"$KO:

Earnings Momentum Make Coca-Cola (KO) a Buy at recent price of ‚Ä¶:

https://t.co/J6CHpiNOnW",0.0,0.25,2018-02-02 16:14:13,neutral
60,$AAPL #APPLE $AXP $CAT $CSCO $CVX $GE $IBM $JNJ $KO $MCD $MRK $PFE $PG $TRV $UNH $VZ $XOM https://t.co/d7U0qZjYfg,0.0,0.0,2018-02-02 15:52:39,neutral
61,$AAPL #APPLE $AXP $CAT $CSCO $CVX $GE $IBM $JNJ $KO $MCD $MRK $PFE $PG $TRV $UNH $VZ $XOM https://t.co/eBkLGVkVsS,0.0,0.0,2018-02-02 15:52:38,neutral
62,"InterOcean Capital LLC Sells 3,985 Shares of The Coca-Cola Co $KO https://t.co/BtSS33u9XF",0.0,0.0,2018-02-02 15:49:27,neutral
63,Super Bowl Ads shy from politics and mind their manners $KO #KO #Lifestyle #Sports #Technology https://t.co/WNNEn43Z61,-0.0833333333333,0.583333333333,2018-02-02 15:30:03,negative
64,$KO flt_ut_continuation_3ll  Stock at: 47.12 #Open [Feb-16 48 #Calls 0.28] https://t.co/RL9fbxAYZy,0.0,0.5,2018-02-02 15:17:12,neutral
65,"PepsiCo Takes Aim at LaCroix, as Does Everyone Else @themotleyfool #stocks $KO, $KR, $PEP, $FIZZ https://t.co/e4ez4upj7i",0.0,0.0,2018-02-02 14:39:13,neutral
66,"$BRK.A $KO $KHC:

Warren Buffett, already the ‚Äògod of stocks‚Äô in China, may need to ‚Ä¶:

https://t.co/NKQ516OxQ8",0.0,0.0,2018-02-02 14:03:09,neutral
67,"$KO $PEP $DPS:

2018 Super Bowl Ad: Coke‚Äôs Super Bowl Ad Focuses on Diversity ‚Ä¶:

https://t.co/SFfTm9QSFu",0.333333333333,0.666666666667,2018-02-02 13:35:05,positive
68,NEW!  5 Big time companies are expected to announce their #dividend in February.  $WMT $ADM $GPC $KO $TROW https://t.co/SLDOoDJ2xt,0.0234848484848,0.318181818182,2018-02-02 13:33:50,positive
69,"Lowe Brockenbrough &amp; Company Has Trimmed Stake in Coca Cola Co Com $KO by $318,915 https://t.co/csLmJsEZDb",0.0,0.0,2018-02-02 12:29:19,neutral
70,"$PEP $KO $DPS:

2018 Super Bowl Ad: Pepsi Brings ‚Äúem All Back ‚Äî Even the King of ‚Ä¶:

https://t.co/hSeJrIvVLJ",0.166666666667,0.333333333333,2018-02-02 12:25:08,positive
71,"Bank Of The West Has Lowered Coca Cola Co $KO Holding By $823,365 https://t.co/tBjPVKM94z",0.0,0.0,2018-02-02 12:24:37,neutral
72,$VNQ $O $VTR $PDCO $FAST $TGT $UNH $LAND $UNM $BMS $WFC $KO $CLDT $VFC $VER https://t.co/9KNtEp4TLJ,0.2,0.6,2018-02-02 11:28:33,positive
73,$VNQ $O $VTR $PDCO $FAST $TGT $UNH $LAND $UNM $BMS $WFC $KO $CLDT $VFC $VER https://t.co/Eqaf4eFbfI,0.2,0.6,2018-02-02 11:28:33,positive
74,Coca $KO Shareholder Jag Capital Management Has Lowered Its Position as Shares Rose https://t.co/VxBQQHif7h,0.6,0.95,2018-02-02 11:22:00,positive
75,The Coca-Cola Co $KO Shares Sold by InterOcean Capital LLC https://t.co/3QPvLqoYMQ,0.0,0.0,2018-02-02 11:05:32,neutral
76,"Armstrong Henry H Associates Lowered Position in Coca $KO by $456,300 https://t.co/F3S0lzDyyU",0.0,0.0,2018-02-02 11:04:13,neutral
77,Willis Investment Counsel Has $20.13 Million Position in The Coca-Cola Co $KO https://t.co/2HsslatVQx,0.0,0.0,2018-02-02 11:03:35,neutral
78,"Everett Harris &amp; Company Has Trimmed By $568,755 Its Coca Cola Company $KO Holding https://t.co/WYpBGNde5v",0.0,0.0,2018-02-02 10:53:23,neutral
79,"$BUD $KO:

During the Super Bowl, expect TV commercials to discuss student debt:

https://t.co/EigJLvS2SJ",0.333333333333,0.666666666667,2018-02-02 10:23:13,positive
80,$KO https://t.co/ZTIcvYqTx7 Pot. cont. Downtrend INTRAWEEK 60m-15m-4m combo chart #CocaCola #Trading https://t.co/yKnDF1a0DB,0.0,0.0,2018-02-02 10:20:44,neutral
81,Coca Cola Co $KO Stock Rose While Bragg Financial Advisors Raised Its Stake https://t.co/uQDcteVXSF,0.3,0.475,2018-02-02 10:09:15,positive
82,The Coca-Cola Co $KO Holdings Raised by Boston Private Wealth LLC https://t.co/Yp7KWRViIH,0.0,0.375,2018-02-02 09:38:31,neutral
83,The Coca-Cola Co $KO Holdings Trimmed by Brown Advisory Inc. https://t.co/6hPBJulbtt,0.0,0.0,2018-02-02 09:37:16,neutral
84,"BB&amp;T Securities LLC Buys 29,417 Shares of The Coca-Cola Co $KO https://t.co/3ZA4UeOain",0.0,0.0,2018-02-02 09:27:03,neutral
85,The Coca-Cola Co $KO Shares Sold by Associated Banc Corp https://t.co/LeQYvSjwkf,0.0,0.0,2018-02-02 09:19:07,neutral
86,Short Interest in The Coca-Cola Co $KO Rises By 15.6% https://t.co/57BkiVPplf,0.0,0.3,2018-02-02 07:48:08,neutral
87,"We Call For The Termination of #Allergan CEO On Op Losses, EPS Fraud, Material Omissions, Incompetence &amp; Breaking C‚Ä¶ https://t.co/cOPCwFdycK",0.0,0.0,2018-02-02 05:44:02,neutral
88,"We Call For The Termination of #Allergan CEO On Op Losses, EPS Fraud, Material Omissions, Incompetence &amp; Breaking C‚Ä¶ https://t.co/VcsdVLV0Ht",0.0,0.0,2018-02-02 05:43:12,neutral
89,$XLP Consumer Staples $PG $KO $COST $MO $MDLZ broke out off of a divergence signal &amp; testing new support https://t.co/eGQjrx7sbQ,0.136363636364,0.454545454545,2018-02-02 03:52:59,positive
90,"Robert Edward Long Sells 15,000 Shares of The Coca-Cola Co $KO Stock https://t.co/H5uw25dk4g",-0.05,0.4,2018-02-02 03:21:20,negative
91,"$KO

https://t.co/3srKjocdFf",0.0,0.0,2018-02-02 01:44:37,neutral
92,$KO flt_ut_continuation_3ll  Stock at: 47.45 #Open [Feb-16 48 #Calls 0.39] https://t.co/j2EDjemqKb,0.0,0.5,2018-02-02 01:43:09,neutral
93,Short vol percent for $FPE on 2018-01-31 is 68%. https://t.co/t43uBcc7EC $ALLY 75% $IBM 39% $MCK 39% $KO 54%,0.0,0.3,2018-02-01 23:54:02,neutral
94,Price Moves vs Expected Moves $MDLZ $UAA $GPRO $AAPL $GM $KO $F $PG $MO $TSLA $MAT $KODK https://t.co/Gp1GXYVzzR https://t.co/2lZvYqdQPV,-0.1,0.4,2018-02-01 23:44:11,negative
95,"$KO:

Exclusive: Why the president of Coca-Cola Florida is leaving:

https://t.co/g6x3ONZAkH",0.0,0.0,2018-02-01 20:19:05,neutral
96,"RT @LaurieInMadison: ‚ÄúThe spectacle and attraction of pro football in this country, even in successive years of declining popularity, remai‚Ä¶",0.0,0.0,2018-02-01 20:09:06,neutral
97,"‚ÄúThe spectacle and attraction of pro football in this country, even in successive years of declining popularity, re‚Ä¶ https://t.co/r8kD9Gc5rA",0.0,0.0,2018-02-01 20:03:50,neutral
98,Ropes Wealth Advisors LLC Raises Stake in The Coca-Cola Co $KO https://t.co/pOtsGlS48I,0.0,0.0,2018-02-01 19:50:05,neutral
99,"I really recommend checking this out for finding great stocks to trade https://t.co/vreng1FRT8
$CIF $CL $KO https://t.co/eyivdHiMhR",0.5,0.475,2018-02-01 19:05:21,positive
100,Tukman Grossman Capital Management Holding in Coca Cola Co $KO Has Decreased by $7.02 Million ...,-0.4,0.7,2018-02-01 18:55:06,negative
101,"Mitsubishi UFJ Trust &amp; Banking Corp Purchases 48,245 Shares of The Coca-Cola Co $KO https://t.co/fOFIVoaBfz",0.0,0.0,2018-02-01 18:32:51,neutral
102,"4 Southern Stocks to Buy Right Now (and 1 to Avoid) @themotleyfool #stocks $BAC, $KO, $HD, $NUE, $TREX https://t.co/RbzcQchsKL",0.142857142857,0.267857142857,2018-02-01 18:28:01,positive
103,NEW POST: I Told You: I Ain't Got No Agua  https://t.co/vda0YBtR0A $EWW $KO $KOF $QQQ $SPY,0.136363636364,0.454545454545,2018-02-01 18:26:26,positive
104,$KRED $KO #Coffee Maker Gets $Soda Support | Orange County Business Journal https://t.co/QyCTKC2tED,0.0,0.0,2018-02-01 18:01:41,neutral
105,Coca-Cola launches AR campaign with Alipay for Chinese New Year https://t.co/nBVPBozXv4 via @mobilemktrdaily $KO,0.0681818181818,0.227272727273,2018-02-01 17:19:25,positive
106,"$KO:

Coca-Cola releases 2018 Super Bowl commercial that focuses on ‚Ä¶:

https://t.co/13RSL0wSUw",0.166666666667,0.333333333333,2018-02-01 17:01:08,positive
107,Consumer Staple Remover $XLP Also $PG $KO $PEP https://t.co/ciwjDUi3yR,0.0,0.0,2018-02-01 16:34:07,neutral
108,"Coca $KO Shareholder Haverford Financial Services Has Raised Its Position by $490,545 https://t.co/qmA91SER7C",0.0,0.0,2018-02-01 16:24:49,neutral
109,Commonwealth Bank of Australia Increases Holdings in The Coca-Cola Co $KO https://t.co/PZq6IHvUwo,0.0,0.0,2018-02-01 15:29:29,neutral
110,Elevated Implied Volatility $HD $XLY $CSCO $SWN $MRK $JNJ $XLK $QQQ $BMY $CMG $USG $DIA $KO #optionstrading https://t.co/0QdksxN0mq,0.0,0.0,2018-02-01 15:22:33,neutral
111,https://t.co/gu5gmbsWGe | 42s top5 $SKX $VCO $PFGC $PVH $DECK | top5 mktGain $MDLZ $ABEV $MO $PM $KO | top5 mktLoss‚Ä¶ https://t.co/0SFnkzXBXe,0.0,0.0,2018-02-01 15:08:15,neutral
112,RT @MarketChmln: Largest $Notional Buy On Close Order Imbalances $PFE $KO $MON $PNC $BAC $PG $MMM $RRC $HST $DWDP https://t.co/YjDKa83LBr,0.0,0.0,2018-02-01 15:07:33,neutral
113,The Coca-Cola Co: Heavy volume for Coca-Cola Company (The) stock. $KO https://t.co/HzDteQOixE https://t.co/SGrpJcCPxv,-0.2,0.5,2018-02-01 15:04:13,negative
114,RT @fienckskj: $KO $BUD $CAPE $PFE $GRNH $PTOI $BLGO $GIGL $TTCM $LYC $HPNN $GPRO $PFE $TWTR $BIEI $HIRU $BMXC $ICNB $MCOA $PBIO $ISBG $F $‚Ä¶,0.0,0.0,2018-02-01 15:00:55,neutral
115,RT @fienckskj: $KO $BUD $CAPE $PFE $GRNH $PTOI $BLGO $GIGL $TTCM $LYC $HPNN $GPRO $PFE $TWTR $BIEI $HIRU $BMXC $ICNB $MCOA $PBIO $ISBG $F $‚Ä¶,0.0,0.0,2018-02-01 14:55:18,neutral
116,RT @fienckskj: $KO $BUD $CAPE $PFE $GRNH $PTOI $BLGO $GIGL $TTCM $LYC $HPNN $GPRO $PFE $TWTR $BIEI $HIRU $BMXC $ICNB $MCOA $PBIO $ISBG $F $‚Ä¶,0.0,0.0,2018-02-01 14:55:12,neutral
117,$KO https://t.co/F8UYSn9EB6,0.0,0.0,2018-02-01 14:51:59,neutral
118,$KO $BUD $CAPE $PFE $GRNH $PTOI $BLGO $GIGL $TTCM $LYC $HPNN $GPRO $PFE $TWTR $BIEI $HIRU $BMXC $ICNB $MCOA $PBIO‚Ä¶ https://t.co/78PsCVG7Lz,0.0,0.0,2018-02-01 14:48:22,neutral
119,"$KO:

Coca-Cola Launches ‚ÄòA Coke for Everyone‚Äô with Debut of New Ad ‚Ä¶:

https://t.co/YnFcNhNiY5",0.136363636364,0.454545454545,2018-02-01 14:46:04,positive
120,$KO Coca-Cola Launches ‚ÄòA Coke for Everyone‚Äô with Debut of New Ad Campaign During Big Game... - https://t.co/DZ6XMJ8LiV,-0.0878787878788,0.318181818182,2018-02-01 14:35:35,negative
121,RT @stophahs: $ecyt calls bought yester could be next leg up $srpt $atos $fb $baba $crm $vmw $spy $nflx $amzn $cat $de $tsla $xom $teck $ze‚Ä¶,0.0,0.0,2018-02-01 14:13:32,neutral
122,Nichols &amp; Pratt Advisers Llp Trimmed Coca Cola Co $KO Stake https://t.co/JctrmiUPmN,0.0,0.0,2018-02-01 14:07:55,neutral
123,"$AMZN $KO:

Some Companies Play It Safe in Super Bowl Ads:

https://t.co/Ne6wuGje24",0.416666666667,0.583333333333,2018-02-01 14:03:16,positive
124,"As Coca Cola Co Com $KO Share Value Rose, Holder Lowe Brockenbrough &amp; Company Has Trimmed Position by $318,...",0.6,0.95,2018-02-01 13:46:04,positive
125,"Even though this is just in the UK, I am sure this happening elsewhere too. It speaks to the need for more consolid‚Ä¶ https://t.co/OZyMVpcSfq",0.5,0.694444444444,2018-02-01 13:45:21,positive
126,RT @WinfieldSmart: Big Money Rushes to the Super Bowl: Market Recon $SPX $RUT $BABA $GOOGL $AMZN $AAPL $BUD $KO $PEP $INTU $VZ $DIS $FOXA $‚Ä¶,0.166666666667,0.383333333333,2018-02-01 13:45:21,positive
127,RT @Sarge986: Big Money Rushes to the Super Bowl: Market Recon $SPX $RUT $BABA $GOOGL $AMZN $AAPL $BUD $KO $PEP $INTU $VZ $DIS $FOXA $TWX $‚Ä¶,0.166666666667,0.383333333333,2018-02-01 13:08:19,positive
128,"Unilever echoes Colgate. Volume growth returning and price rises moderating, especially in Latin America. That‚Äôs a‚Ä¶ https://t.co/b2tlsNHlHW",0.0,1.0,2018-02-01 13:05:25,neutral
129,Big Money Rushes to the Super Bowl: Market Recon $SPX $RUT $BABA $GOOGL $AMZN $AAPL $BUD $KO $PEP $INTU $VZ $DIS‚Ä¶ https://t.co/giZVXa4TzO,0.166666666667,0.383333333333,2018-02-01 13:00:59,positive
130,Big Money Rushes to the Super Bowl: Market Recon $SPX $RUT $BABA $GOOGL $AMZN $AAPL $BUD $KO $PEP $INTU $VZ $DIS‚Ä¶ https://t.co/279KcAFjdG,0.166666666667,0.383333333333,2018-02-01 12:59:52,positive
131,"Unilever organic sales accelerate to +4%, best pace in over 18 months. Volume +3.2%, best since weather-boosted Q3‚Ä¶ https://t.co/kGq5OczoSx",1.0,0.3,2018-02-01 12:58:49,positive
132,$BTC $spx $nasdaq $ftse $dax $cac $djia $c $XOM $amzn $googl $AVGO $AAPL $WFM $cvs $bac $WMT $COST $WFC $jnj $GE‚Ä¶ https://t.co/zloFMN4MrB,0.0,0.0,2018-02-01 12:58:03,neutral
133,$ecyt calls bought yester could be next leg up $srpt $atos $fb $baba $crm $vmw $spy $nflx $amzn $cat $de $tsla $xom‚Ä¶ https://t.co/hQd6SgT53Q,0.0,0.0,2018-02-01 12:56:31,neutral
134,Ropes Wealth Advisors LLC Boosts Stake in The Coca-Cola Co $KO https://t.co/Eib2OrwJHO,0.0,0.0,2018-02-01 11:17:46,neutral
135,WINTON GROUP Ltd Raises Stake in The Coca-Cola Co $KO https://t.co/bAUPGqgBE9,0.0,0.0,2018-02-01 11:15:06,neutral
136,The Coca-Cola Co $KO Shares Bought by Schwab Charles Investment Management Inc. https://t.co/eA9Uru6b9C,0.0,0.0,2018-02-01 11:15:01,neutral
137,The Coca-Cola Co $KO Shares Sold by Dorsey &amp; Whitney Trust CO LLC https://t.co/YdpK68LQK7,0.0,0.0,2018-02-01 10:24:04,neutral
138,Coca Cola Company $KO Shareholder United American Securities Trimmed Holding by $6.39 Million ...,0.0,0.0,2018-02-01 10:09:41,neutral
139,Commonwealth Bank of Australia Increases Stake in The Coca-Cola Co $KO https://t.co/Mt4M0i2V7T,0.0,0.0,2018-02-01 09:58:29,neutral
140,$KO https://t.co/ZTIcvYqTx7 Pot. resume Uptrend in a consolid INTRAWEEK 60m-15m-4m combo chart #CocaCola #Trading https://t.co/yDtQFwbcV2,0.0,0.0,2018-02-01 08:40:45,neutral
141,https://t.co/zkwrjD3miQ &lt;&lt;-- We have had many SuperTrade alerts give us &gt;50% gain injust 2 weeks! $UNXL $AIG $KO $MNST $S $WTW $MDU,0.625,0.5,2018-02-01 08:15:15,positive
142,$KO   Weekly https://t.co/21vVb0uIdv,0.0,0.0,2018-02-01 04:27:16,neutral
143,Even more surprising given that you have a bunch of primo dealmakers on $KO 's board.  Bobby Kotick there since 201‚Ä¶ https://t.co/8FbXk5qOaS,0.6,0.5,2018-02-01 04:27:08,positive
144,"I'm a dim dilettante, but IMO solid argument to be made here that the past 5 yrs at $KO are an example of monumenta‚Ä¶ https://t.co/2wZJAmkhui",-0.05,0.283333333333,2018-02-01 04:25:07,negative
145,"In the past 5 yrs, $KO bought Innocent Smoothies, ($500m, 2013), Suja juices ($150m, 2015), and some SABMiller non-‚Ä¶ https://t.co/ZbVaNESAyl",0.125,0.475,2018-02-01 04:22:42,positive
146,"I'll just leave this here..
*drumroll* 
$KO https://t.co/y2sz0wmbXP",0.0,0.0,2018-02-01 04:17:01,neutral
147,Critical Review: Long Blockchain $LBCC versus The Coca-Cola $KO https://t.co/lNoJO6tiCH #stocks,-0.025,0.6,2018-02-01 02:17:45,negative
148,Critical Survey: The Coca-Cola $KO versus Long Blockchain $LBCC https://t.co/wlwzKNiztt,-0.025,0.6,2018-02-01 02:15:57,negative
149,Critical Review: Long Blockchain $LBCC versus The Coca-Cola $KO https://t.co/WTNOimcqiS,-0.025,0.6,2018-02-01 02:15:15,negative
150,RT @fienckskj: $KO $BUD $CAPE $PFE $GRNH $PTOI $BLGO $GIGL $TTCM $LYC $HPNN $GPRO $PFE $TWTR $BIEI $HIRU $BMXC $ICNB $MCOA $PBIO $ISBG $F $‚Ä¶,0.0,0.0,2018-02-01 01:45:55,neutral
151,RT @fienckskj: $KO $BUD $CAPE $PFE $GRNH $PTOI $BLGO $GIGL $TTCM $LYC $HPNN $GPRO $PFE $TWTR $BIEI $HIRU $BMXC $ICNB $MCOA $PBIO $ISBG $F $‚Ä¶,0.0,0.0,2018-02-01 01:40:20,neutral
152,$KO $BUD $CAPE $PFE $GRNH $PTOI $BLGO $GIGL $TTCM $LYC $HPNN $GPRO $PFE $TWTR $BIEI $HIRU $BMXC $ICNB $MCOA $PBIO‚Ä¶ https://t.co/Dtc08ImVdg,0.0,0.0,2018-02-01 01:39:03,neutral
153,$KO https://t.co/ZTIcvYqTx7 Pot. cont. Uptrend LONGERTERM Wly-Dly-Hly combo chart #CocaCola #Stocks https://t.co/oHWmPZlSxd,0.0,0.0,2018-02-01 01:04:03,neutral
154,Wow $EAST https://t.co/cvCKyOS1Sx. This will be huge!!! ü•Éü•É.      $ATOS $EBAY $FB $PEP $KO $NBEV $T $INPX $DCIX,0.440625,0.95,2018-02-01 00:04:45,positive
155,RT @NYSE: Which new flavor of @DietCoke are you most excited to try? (NYSE: $KO),0.337121212121,0.568181818182,2018-01-31 21:35:59,positive
156,@MarketWatch Forgot $KO,0.0,0.0,2018-01-31 21:25:57,neutral
157,$KO pull back target is 46.86.,0.0,0.0,2018-01-31 21:12:02,neutral
158,Lowe Brockenbrough &amp; Company Lowered Coca Cola Co Com $KO Stake as Valuation Rose https://t.co/BAFNtSmTZH,0.6,0.95,2018-01-31 21:09:43,positive
159,Coca Cola Co $KO Stock Price Rose While Dynamic Advisors Solutions Has Decreased Position ...,0.0666666666667,0.605555555556,2018-01-31 20:50:37,positive
160,RT @ConscientiousRC: üí∞ üí∞ üí∞ ;-) $aapl $amzn $agn $brk $crm $dis $exel $g $googl $gild $hlf $iep $jnj $ko $lly $mnk $nvs $nov $ibm $hlf $cmg‚Ä¶,0.25,1.0,2018-01-31 20:22:10,positive
161,üí∞ üí∞ üí∞ ;-) $aapl $amzn $agn $brk $crm $dis $exel $g $googl $gild $hlf $iep $jnj $ko $lly $mnk $nvs $nov $ibm $hlf‚Ä¶ https://t.co/yRDEf5vQkO,0.25,1.0,2018-01-31 20:19:47,positive
162,"$AAPL
$KO
$XOM
$V
$BAC",0.0,0.0,2018-01-31 20:13:54,neutral
163,Staley Capital Advisers Lowered Coca Cola Co $KO Position by $9.50 Million as Market Value Rose ...,0.6,0.95,2018-01-31 19:13:42,positive
164,https://t.co/gu5gmbsWGe | 42s top5 $VCO $SKX $PFGC $PVH $DECK | top5 mktGain $NKE $ABEV $KO $BTI $SNE | top5 mktLos‚Ä¶ https://t.co/FCP72ghLZA,0.0,0.0,2018-01-31 19:09:10,neutral
165,RT @ConscientiousRC: FYI-We Spread Conscientiousness Globally! $aapl $amzn $brk $crm $cmg $dis $twtr $ge $juno $vrx $msft $fb $googl $hlf $‚Ä¶,0.0,0.0,2018-01-31 19:01:40,neutral
166,¬øWhen does the monster talk begin? $ko,0.0,0.0,2018-01-31 18:53:21,neutral
167,Be Sure To Read About The Birth of Conscientious Research &amp; Consulting Services LLC &amp; The Comments To Learn More Th‚Ä¶ https://t.co/9Bu5glKH7f,0.5,0.694444444444,2018-01-31 18:34:50,positive
168,FYI-We Spread Conscientiousness Globally! $aapl $amzn $brk $crm $cmg $dis $twtr $ge $juno $vrx $msft $fb $googl‚Ä¶ https://t.co/jtuAVrIglZ,0.0,0.0,2018-01-31 18:13:55,neutral
169,https://t.co/gu5gmbsWGe | 42s top5 $VCO $SKX $PFGC $PVH $DECK | top5 mktGain $NKE $TSN $BTI $PM $KO | top5 mktLoss‚Ä¶ https://t.co/91ta8PuxmR,0.0,0.0,2018-01-31 18:09:41,neutral
170,2018-01-30 Short sell volume percent for $DPS is 35%. https://t.co/TvudoH75xI $FIZZ 62% $REED 49% $KO 43% $PEP 20%,0.0,0.3,2018-01-31 17:36:03,neutral
171,This Fund Gives Exposure to Large-Cap Growth Companies $VUG $AAPL $AMZN $FB $GOOG $GOOGL $HD $V $CMCSA $KO $PM https://t.co/LRiQId4kxF,0.0,0.0,2018-01-31 17:27:21,neutral
172,https://t.co/gu5gmbsWGe | 42s top5 $VCO $SKX $PFGC $PVH $DECK | top5 mktGain $NKE $TSN $KO $BTI $ABEV | top5 mktLos‚Ä¶ https://t.co/fhBypsc4QG,0.0,0.0,2018-01-31 17:11:34,neutral
173,Obv stocks that Buffett &amp; $BRKA owns big stakes in will pile into this not-for-profit health care behemoth. $KO‚Ä¶ https://t.co/zNZBdt3epZ,0.0,0.1,2018-01-31 16:09:33,neutral
174,"$KO:

Up in Smoke: CDC Director Brenda Fitzgerald out after tobacco ‚Ä¶:

https://t.co/EpUpCPnwIr",0.0,0.0,2018-01-31 15:46:07,neutral
175,@gerardobenitez runner up for me was $KO :(,-0.75,1.0,2018-01-31 15:16:56,negative
176,"$KO:

Billionaires Just Love These Stocks That Pay High Taxes:

https://t.co/5z9OgqStl1",0.33,0.57,2018-01-31 15:12:08,positive
177,https://t.co/gu5gmbsWGe | 42s top5 $VCO $SKX $PFGC $PVH $DECK | top5 mktGain $BUD $KO $ABEV $NKE $MO | top5 mktLoss‚Ä¶ https://t.co/TLuBn6JQIk,0.0,0.0,2018-01-31 15:07:24,neutral
178,"@evan_lorenz They are on the new #DeficitDonald diet, $MCD and diet $KO",0.136363636364,0.454545454545,2018-01-31 14:44:26,positive
179,"Thompson Investment Management Lowered Coca Cola Co $KO Stake By $422,685 https://t.co/j8VEiQGwAB",0.0,0.0,2018-01-31 14:19:18,neutral
180,The Coca-Cola Company $KO EPS Estimated At $0.38 https://t.co/hpY6s7T1Ih,0.0,0.0,2018-01-31 13:27:59,neutral
181,Staley Capital Advisers INC Decreased Its Coca Cola Co $KO Position by $9.50 Million https://t.co/BzacX5CLGM,-0.4,0.7,2018-01-31 12:47:44,negative
182,Bridgeworth LLC Trims Holdings in The Coca-Cola Co $KO https://t.co/wDZBvj1678,0.0,0.0,2018-01-31 12:37:20,neutral
183,Coca $KO Holder Park National Lowered Holding https://t.co/5IOqGm7KDy,0.0,0.0,2018-01-31 12:20:14,neutral
184,Twin Capital Management Inc. Raises Holdings in The Coca-Cola Co $KO https://t.co/wE6pikX3tj,0.0,0.0,2018-01-31 11:53:12,neutral
185,Saratoga Research &amp; Investment Management Has Cut Coca $KO Holding By $1.37 Million https://t.co/k00rLZakLU,0.0,0.0,2018-01-31 11:39:19,neutral
186,$KO https://t.co/dZWRGe19sM Pot. consolid in Uptrend INTRAWEEK 60m-15m-4m combo chart #trading #stocks https://t.co/Ik25zv823o,0.0,0.0,2018-01-31 11:32:26,neutral
187,"RT @smartmoneyact: Notable sales and spreads from Tuesday 1/30! Green lines = bought, salmon lines = sold.  #options #trading

$NRG $ERIC $‚Ä¶",0.2125,0.4,2018-01-31 10:56:09,positive
188,Coca Cola Co $KO Holding Maintained by Obermeyer Wood Investment Counsel Lllp https://t.co/u13vqQAcjv,0.0,0.0,2018-01-31 10:38:13,neutral
189,"$KO:

Coca-Cola taps Hollywood, buys Super Bowl commercial for Diet ‚Ä¶:

https://t.co/Nfm2y0E5bR",0.166666666667,0.333333333333,2018-01-31 10:07:06,positive
190,"RT ""

Blue chips down-#cryptocurrency down - #Marijuanastocks down - but $ICNB.0047 - WINE is fine! $ABEV $BUD $SAM‚Ä¶ https://t.co/9KQX5oPiFz",0.0524305555556,0.294444444444,2018-01-31 09:48:09,positive
191,Budros Ruhlin &amp; Roe Inc. Has $1.38 Million Stake in The Coca-Cola Co $KO https://t.co/a4I7Ht6EZ1,0.0,0.0,2018-01-31 09:26:53,neutral
192,RT @Drugdoctor2014: Blue chips down-#cryptocurrency down - #Marijuanastocks down - but $ICNB.0047 - WINE is fine! $ABEV $BUD $SAM $ROX $BOR‚Ä¶,0.0524305555556,0.294444444444,2018-01-31 07:08:28,positive
193,"RT @VistaPResearch: Lunar Eclipse, #Supermoon, Blue Moon Coincide Next Week; Here's When and How to See It https://t.co/wW7PXcREJU #weather‚Ä¶",0.0,0.05,2018-01-31 06:53:08,neutral
194,Blue chips down-#cryptocurrency down - #Marijuanastocks down - but $ICNB.0047 - WINE is fine! $ABEV $BUD $SAM $ROX‚Ä¶ https://t.co/HeGKgSSoXv,0.0524305555556,0.294444444444,2018-01-31 06:41:30,positive
195,$KO https://t.co/ZTIcvYqTx7 Pot. cont. Uptrend LONGERTERM Wly-Dly-Hly combo chart #CocaCola #Stocks https://t.co/b3QhPBF48x,0.0,0.0,2018-01-31 04:01:28,neutral
196,"RT @smartmoneyact: Notable sales and spreads from Tuesday 1/30! Green lines = bought, salmon lines = sold.  #options #trading

$NRG $ERIC $‚Ä¶",0.2125,0.4,2018-01-31 03:47:02,positive
197,"Notable sales and spreads from Tuesday 1/30! Green lines = bought, salmon lines = sold.  #options #trading

$NRG‚Ä¶ https://t.co/QkMRg84EAa",0.2125,0.4,2018-01-31 03:12:10,positive
198,"@otzollo HIGHLY recommends buying Coca Cola $KO. Solid buy, great company. If you don't buy it you're a loser. Sad!",0.08375,0.5975,2018-01-31 02:57:38,positive
199,Dat White Racist Dude in the Hoozy House Tryna Bring Some #WhiteExcellence  tonights. We got da #BlackExcellence  w‚Ä¶ https://t.co/fzig6elmKo,0.0,0.0,2018-01-31 02:02:28,neutral
200,$KO https://t.co/ZTIcvYqTx7 Pot. consolid in Uptrend INTRAWEEK 60m-15m-4m combo chart #CocaCola #Trading https://t.co/iIyJyYzHqw,0.0,0.0,2018-01-31 01:50:29,neutral
201,@ATraderJourney Definitely not a financial positive day but considered a cheap reminder to cover your ass $AKS‚Ä¶ https://t.co/uvC81Zplif,0.209090909091,0.415151515152,2018-01-31 01:31:37,positive
202,"@cate_long That‚Äôs rich: ""The ballooning costs of healthcare act as a hungry tapeworm on the American economy.‚Äù  Buf‚Ä¶ https://t.co/qhutRHZ2OC",0.1875,0.375,2018-01-31 00:18:05,positive
203,"Why Netflix Wouldn't Be a Warren Buffett Stock @themotleyfool #stocks $BRK-A, $BRK-B, $NFLX, $DIS, $GOOGL, $AAPL,‚Ä¶ https://t.co/qi8gGzA3HI",0.0,0.0,2018-01-30 23:58:55,neutral
204,"$DPS $KO $PEP $PF:

Cramer bullish on Dr Pepper-Keurig deal despite Wall Street‚Äôs tepid ‚Ä¶:

https://t.co/UWJ4SUSLU5",0.0,0.0,2018-01-30 23:38:15,neutral
205,"RT @thebrandindex: Top Defensive Brands using 1YR Vol, 1YR default risk and Downside Beta - This is your ""Protect"" basket: $XOM $KO $PG $JN‚Ä¶",0.5,0.5,2018-01-30 23:20:24,positive
206,Big Put Buyers https://t.co/ympsZf1maE $PBI $LYB $WFT $BIG $KO $KHC $IDTI $VOD $RHI $SYK $BUD $XOM $CTL $ABEO $ECL $NOG $GSK $HPQ,0.0,0.1,2018-01-30 23:17:38,neutral
207,"Top Defensive Brands using 1YR Vol, 1YR default risk and Downside Beta - This is your ""Protect"" basket: $XOM $KO‚Ä¶ https://t.co/kj94xEOVKU",0.5,0.5,2018-01-30 23:01:08,positive
208,$KO Reducing the Use of Drinking Straws Will Be a Tough Sell via https://t.co/jURZDymPXI,-0.388888888889,0.833333333333,2018-01-30 23:00:02,negative
209,"The Coca-Cola $KO Getting Somewhat Favorable News Coverage, Study Finds https://t.co/nT2L27yA2t",0.0,0.0,2018-01-30 22:56:12,neutral
210,"RT @drastichs: #stocks #ETF to #review
$JPSE $JPUS $JPXN $JUNO $KALV $KBE $KBWB $KBWP $KCE $KDMN $KEYW $KFFB $KIM $KNOW $KNX $KO $KOR $KORU‚Ä¶",0.0,0.0,2018-01-30 21:43:17,neutral
211,"As Coca $KO Shares Rose, Shareholder Armstrong Henry H Associates Trimmed Its Position https://t.co/nwb36qafzE",0.6,0.95,2018-01-30 21:32:39,positive
212,@jimcramer Did anyone consider it may be Kingdom Holdings selling? Look at $C proportional to financials? $KHC Owns $AAPL $C $KO $EBAY $TWTR,0.0,0.0,2018-01-30 20:23:46,neutral
213,@SullyCNBC Did anyone consider it may be Kingdom Holdings selling? Look at $C proportional to financials? $KHC Owns‚Ä¶ https://t.co/Kx0ut94f8V,0.0,0.0,2018-01-30 20:13:36,neutral
214,https://t.co/gu5gmbsWGe | 42s top5 $SKX $VCO $PFGC $PVH $DECK | top5 mktGain $KO $DEO $PM $HOG $BUD | top5 mktLoss‚Ä¶ https://t.co/H54MrM66JK,0.0,0.0,2018-01-30 20:10:45,neutral
215,Fund Gives Exposure to Large-Cap Growth Companies $VUG $AAPL $AMZN $FB $GOOGL $GOOG $HD $CMCSA $KO $PM https://t.co/LRiQId4kxF,0.0,0.0,2018-01-30 19:55:58,neutral
216,#stockmarket Top defensive stocks holding up against $DJIA -350 and S&amp;P500 -30: $AEP $WTR $T $DUK $KHC $PEP $PG‚Ä¶ https://t.co/lDZZsDsIbq,0.5,0.5,2018-01-30 19:45:05,positive
217,RT @NYSE: Which new flavor of @DietCoke are you most excited to try? (NYSE: $KO),0.337121212121,0.568181818182,2018-01-30 19:41:00,positive
218,@hrynkiewic @DividendMaster you're going to be wrong in 2018 in $KO. should be buying weakness,-0.5,0.9,2018-01-30 19:23:58,negative
219,"Fjarde Ap-Fonden Fourth Swedish National Pension Fund Upped Its Position in Coca Cola Co $KO by $501,480 ...",0.0,0.0,2018-01-30 18:49:19,neutral
220,RT @CabotAnalysts: 10 Highest Paying Dividend Stocks in the Dow https://t.co/tRlbCG6ogc $VZ $IBM $XOM $CVX $KO $GE #dividends #investing ht‚Ä¶,0.0,0.0,2018-01-30 18:38:43,neutral
221,10 Highest Paying Dividend Stocks in the Dow https://t.co/tRlbCG6ogc $VZ $IBM $XOM $CVX $KO $GE #dividends‚Ä¶ https://t.co/omGNHGikk0,0.0,0.0,2018-01-30 18:37:00,neutral
222,RT @LaMonicaBuzz: Market at lows of the day. Only two Dow stocks still trading higher? $KO &amp; $PG. Barely.,0.1,0.533333333333,2018-01-30 18:14:18,positive
223,$immy loading for possible $2.39 break later $gbtc to $20+ $immr back above $11.5 later and $igap soon enough!!!!‚Ä¶ https://t.co/vydCGFXKzJ,0.0,0.22,2018-01-30 18:04:48,neutral
224,"Latest downgrades, from Buy to Neutral.
$INTC $PFE $KO $CL $LOW $K $WAT $KSU $VFC $BWA $VRSK $APH $VAR $VRSN $IP

https://t.co/xp8Gy0k37n",0.25,0.6,2018-01-30 18:04:36,positive
225,Market at lows of the day. Only two Dow stocks still trading higher? $KO &amp; $PG. Barely.,0.1,0.533333333333,2018-01-30 18:00:09,positive
226,"$KO revenues and EPS history so bleak yet mid 20's PE ......

would think $TLT more attractive",0.075,0.625,2018-01-30 16:53:15,positive
227,RT @AndriaCheng: The ability to quench consumers' thirst throughout the day may not be Keurig Green Mountain-Dr Pepper Snapple deal's crown‚Ä¶,-0.2,0.3,2018-01-30 16:29:44,negative
228,The ability to quench consumers' thirst throughout the day may not be Keurig Green Mountain-Dr Pepper Snapple deal'‚Ä¶ https://t.co/vJBVcmo9Vu,-0.2,0.3,2018-01-30 16:09:21,negative
229,"Lvw Advisors Has Raised Holding in Coca Cola Co $KO by $343,395 as Share Value Rose https://t.co/GdT7CyyY68",0.6,0.95,2018-01-30 16:06:44,positive
230,Gives Exposure to Large-Cap Growth Companies $VUG $AAPL $AMZN $FB $GOOGL $HD $V $CNCSA $KO $PM https://t.co/fcRV9ilHcL,0.0,0.0,2018-01-30 15:54:12,neutral
231,"#Here‚Äôs how $KO Coca-Cola is #tackling the #U.K.‚Äôs #imminent $735 million #sugar #tax, #stock increases +0.15%, #KO https://t.co/euWGCRPTsM",0.0,0.0,2018-01-30 15:33:13,neutral
232,"RT @NYSE: What: Be one of the first to try all 4 new Diet Coke flavors
Where: Outside the NYSE
When: Mon, Jan 29th, 8:30am-1:00pm
Who: @Die‚Ä¶",0.128787878788,0.279292929293,2018-01-30 15:29:25,positive
233,The Coca-Cola Co: Heavy volume for Coca-Cola Company (The) stock. $KO https://t.co/HzDteQOixE https://t.co/8l6qJkd8Uv,-0.2,0.5,2018-01-30 15:13:02,negative
234,"As Coca $KO Market Valuation Rose, Holder Asset Advisors Has Trimmed Its Holding https://t.co/hIoOOmLxfD",0.6,0.95,2018-01-30 15:06:44,positive
235,RT @BrandonVanZee: My Dividend Aristocrat Mt. Rushmore continues to cruise to all-time highs. $JNJ $KO $PG $MMM https://t.co/J7skX7Rn21,0.0,0.0,2018-01-30 15:05:21,neutral
236,"$KO 50 Calls SELLING Activity expiring on 15th Jun, Vol 3500",0.0,0.0,2018-01-30 14:56:19,neutral
237,@ReformedBroker Coca-Cola used to be a cough syrup. Buffett owns $KO.,0.0,0.0,2018-01-30 14:26:51,neutral
238,Hussman Strategic Advisors Increased Coca Cola Co $KO Position https://t.co/mRoIX89WqV,0.0,0.0,2018-01-30 14:24:08,neutral
239,0.95 $ING -1.48 $INTC -0.92 $IWM -1.12 $JD -2.42 $JNUG -8.3 $JPM -0.86 $KMI -1.55 $KO -1.98 $LUV -2.33 $MCD -1.27‚Ä¶ https://t.co/wIW5HkgrIz,0.0,0.0,2018-01-30 14:13:41,neutral
240,683 Capital Management Has Cut Coca Cola Co $Put $KO Holding by $4.50 Million as Share Price Rose ...,0.6,0.95,2018-01-30 14:08:55,positive
241,"have you used this? i've been getting in on some great trades through it https://t.co/Npzgvc9RRb
$CCE $KO $KOF https://t.co/jDZa1HrZZg",0.8,0.75,2018-01-30 13:53:44,positive
242,"$KO $GOOG $AAPL:

McDonald‚Äôs bests Nike, Apple as most visible brand on social media:

https://t.co/TdNTSSmBc5",0.266666666667,0.283333333333,2018-01-30 13:52:06,positive
243,actually make that 43 bill as $ko and $khc have been spreading diabetes admirably over the years.,0.0,0.1,2018-01-30 13:46:00,neutral
244,EPS for The Coca-Cola Company $KO Expected At $0.38 https://t.co/8fmR7VHj9H,-0.1,0.4,2018-01-30 12:45:29,negative
245,RT @NYSE: Which new flavor of @DietCoke are you most excited to try? (NYSE: $KO),0.337121212121,0.568181818182,2018-01-30 12:39:42,positive
246,"Short picks for 01-30:  
$WBA, 
$PCG, 
$CF, 
$D, 
$YUM, 
$AEE, 
$KO, 
$NOV.   
Last updated: 01-29 09:46AM",0.0,0.183333333333,2018-01-30 12:30:03,neutral
247,"As Coca Cola Co $KO Stock Rose, Shareholder Staley Capital Advisers Has Decreased by $9.50 Million Its Stake ...",0.1,0.825,2018-01-30 12:04:36,positive
248,$KO https://t.co/dZWRGe19sM Pot. intermed top in Uptrend INTRAWEEK 60m-15m-4m combo chart #trading #stocks https://t.co/DMCtHFqWNY,0.5,0.5,2018-01-30 11:45:42,positive
249,$KO https://t.co/ZTIcvYqTx7 Pot. intermed top in Uptrend INTRAWEEK 60m-15m-4m combo chart #CocaCola #Trading https://t.co/wFa8VT1Jwg,0.5,0.5,2018-01-30 11:20:49,positive
250,"I watched the new Diet Coke $KO ads a few times to try &amp; understand  its messaging.
I can‚Äôt. https://t.co/KMTdBwzDA9",-0.0318181818182,0.277272727273,2018-01-30 11:13:27,negative
251,"Evergreen Capital Management LLC Buys 12,513 Shares of The Coca-Cola Co $KO https://t.co/kxKwYJpgwo",0.0,0.0,2018-01-30 10:16:47,neutral
252,The Coca-Cola Co $KO Holdings Cut by Cadence Capital Management LLC https://t.co/emMmlBmjRx,0.0,0.0,2018-01-30 09:49:03,neutral
253,The Coca-Cola Co $KO Sees Large Increase in Short Interest https://t.co/CugCKBHNV9 #stocks,0.107142857143,0.364285714286,2018-01-30 08:22:57,positive
254,"This Opening Bell with Dietcoke was a little feisty and a little twisted, but in the end helped us find our zest se‚Ä¶ https://t.co/6fuc2AjR74",-0.291666666667,0.666666666667,2018-01-30 08:09:14,negative
255,Which new flavor of DietCoke are you most excited to try? (NYSE: $KO),0.337121212121,0.568181818182,2018-01-30 08:09:13,positive
256,RT @NYSE: Which new flavor of @DietCoke are you most excited to try? (NYSE: $KO),0.337121212121,0.568181818182,2018-01-30 07:09:45,positive
257,RT @NYSE: Which new flavor of @DietCoke are you most excited to try? (NYSE: $KO),0.337121212121,0.568181818182,2018-01-30 07:08:07,positive
258,RT @NYSE: Which new flavor of @DietCoke are you most excited to try? (NYSE: $KO),0.337121212121,0.568181818182,2018-01-30 06:55:15,positive
259,RT @NYSE: Which new flavor of @DietCoke are you most excited to try? (NYSE: $KO),0.337121212121,0.568181818182,2018-01-30 06:47:55,positive
260,RT @NYSE: Which new flavor of @DietCoke are you most excited to try? (NYSE: $KO),0.337121212121,0.568181818182,2018-01-30 06:44:58,positive
261,RT @NYSE: Which new flavor of @DietCoke are you most excited to try? (NYSE: $KO),0.337121212121,0.568181818182,2018-01-30 06:15:45,positive
262,RT @NYSE: Which new flavor of @DietCoke are you most excited to try? (NYSE: $KO),0.337121212121,0.568181818182,2018-01-30 06:10:44,positive
263,RT @NYSE: Which new flavor of @DietCoke are you most excited to try? (NYSE: $KO),0.337121212121,0.568181818182,2018-01-30 06:00:10,positive
264,RT @NYSE: Which new flavor of @DietCoke are you most excited to try? (NYSE: $KO),0.337121212121,0.568181818182,2018-01-30 05:57:17,positive
265,RT @NYSE: Which new flavor of @DietCoke are you most excited to try? (NYSE: $KO),0.337121212121,0.568181818182,2018-01-30 05:51:24,positive
266,RT @NYSE: Which new flavor of @DietCoke are you most excited to try? (NYSE: $KO),0.337121212121,0.568181818182,2018-01-30 05:42:47,positive
267,RT @NYSE: Which new flavor of @DietCoke are you most excited to try? (NYSE: $KO),0.337121212121,0.568181818182,2018-01-30 05:36:47,positive
268,RT @NYSE: Which new flavor of @DietCoke are you most excited to try? (NYSE: $KO),0.337121212121,0.568181818182,2018-01-30 05:29:17,positive
269,RT @NYSE: Which new flavor of @DietCoke are you most excited to try? (NYSE: $KO),0.337121212121,0.568181818182,2018-01-30 05:29:10,positive
270,"RT @NYSE: This Opening Bell with @Dietcoke was a little feisty and a little twisted, but in the end helped us find our zest self (NYSE: $KO‚Ä¶",-0.291666666667,0.666666666667,2018-01-30 05:28:26,negative
271,RT @NYSE: Which new flavor of @DietCoke are you most excited to try? (NYSE: $KO),0.337121212121,0.568181818182,2018-01-30 05:05:42,positive
272,RT @NYSE: Which new flavor of @DietCoke are you most excited to try? (NYSE: $KO),0.337121212121,0.568181818182,2018-01-30 05:03:04,positive
273,RT @NYSE: Which new flavor of @DietCoke are you most excited to try? (NYSE: $KO),0.337121212121,0.568181818182,2018-01-30 05:02:25,positive
274,RT @NYSE: Which new flavor of @DietCoke are you most excited to try? (NYSE: $KO),0.337121212121,0.568181818182,2018-01-30 04:58:17,positive
275,RT @NYSE: Which new flavor of @DietCoke are you most excited to try? (NYSE: $KO),0.337121212121,0.568181818182,2018-01-30 04:57:57,positive
276,RT @NYSE: Which new flavor of @DietCoke are you most excited to try? (NYSE: $KO),0.337121212121,0.568181818182,2018-01-30 04:38:21,positive
277,RT @NYSE: Which new flavor of @DietCoke are you most excited to try? (NYSE: $KO),0.337121212121,0.568181818182,2018-01-30 04:38:08,positive
278,RT @NYSE: Which new flavor of @DietCoke are you most excited to try? (NYSE: $KO),0.337121212121,0.568181818182,2018-01-30 04:29:13,positive
279,RT @NYSE: Which new flavor of @DietCoke are you most excited to try? (NYSE: $KO),0.337121212121,0.568181818182,2018-01-30 04:26:32,positive
280,RT @NYSE: Which new flavor of @DietCoke are you most excited to try? (NYSE: $KO),0.337121212121,0.568181818182,2018-01-30 04:26:25,positive
281,RT @NYSE: Which new flavor of @DietCoke are you most excited to try? (NYSE: $KO),0.337121212121,0.568181818182,2018-01-30 04:19:33,positive
282,RT @NYSE: Which new flavor of @DietCoke are you most excited to try? (NYSE: $KO),0.337121212121,0.568181818182,2018-01-30 04:14:34,positive
283,at $3.05 $MGTI has a market cap of around 180MM. It stands to mine ~40MM $USD worth of $BTC this year. If you are a‚Ä¶ https://t.co/fqNJs7JMJP,0.3,0.1,2018-01-30 04:06:47,positive
284,RT @NYSE: Which new flavor of @DietCoke are you most excited to try? (NYSE: $KO),0.337121212121,0.568181818182,2018-01-30 03:38:04,positive
285,RT @NYSE: Which new flavor of @DietCoke are you most excited to try? (NYSE: $KO),0.337121212121,0.568181818182,2018-01-30 03:36:58,positive
286,RT @NYSE: Which new flavor of @DietCoke are you most excited to try? (NYSE: $KO),0.337121212121,0.568181818182,2018-01-30 03:34:18,positive
287,RT @NYSE: Which new flavor of @DietCoke are you most excited to try? (NYSE: $KO),0.337121212121,0.568181818182,2018-01-30 03:32:08,positive
288,RT @NYSE: Which new flavor of @DietCoke are you most excited to try? (NYSE: $KO),0.337121212121,0.568181818182,2018-01-30 03:30:58,positive
289,RT @NYSE: Which new flavor of @DietCoke are you most excited to try? (NYSE: $KO),0.337121212121,0.568181818182,2018-01-30 03:27:57,positive
290,RT @NYSE: Which new flavor of @DietCoke are you most excited to try? (NYSE: $KO),0.337121212121,0.568181818182,2018-01-30 03:20:02,positive
291,RT @NYSE: Which new flavor of @DietCoke are you most excited to try? (NYSE: $KO),0.337121212121,0.568181818182,2018-01-30 03:19:53,positive
292,RT @NYSE: Which new flavor of @DietCoke are you most excited to try? (NYSE: $KO),0.337121212121,0.568181818182,2018-01-30 03:09:10,positive
293,RT @NYSE: Which new flavor of @DietCoke are you most excited to try? (NYSE: $KO),0.337121212121,0.568181818182,2018-01-30 03:06:42,positive
294,"RT @NYSE: This Opening Bell with @Dietcoke was a little feisty and a little twisted, but in the end helped us find our zest self (NYSE: $KO‚Ä¶",-0.291666666667,0.666666666667,2018-01-30 02:39:35,negative
295,RT @NYSE: Which new flavor of @DietCoke are you most excited to try? (NYSE: $KO),0.337121212121,0.568181818182,2018-01-30 02:35:23,positive
296,RT @NYSE: Which new flavor of @DietCoke are you most excited to try? (NYSE: $KO),0.337121212121,0.568181818182,2018-01-30 02:28:24,positive
297,RT @NYSE: Which new flavor of @DietCoke are you most excited to try? (NYSE: $KO),0.337121212121,0.568181818182,2018-01-30 02:23:05,positive
298,RT @NYSE: Which new flavor of @DietCoke are you most excited to try? (NYSE: $KO),0.337121212121,0.568181818182,2018-01-30 02:17:26,positive
299,RT @NYSE: Which new flavor of @DietCoke are you most excited to try? (NYSE: $KO),0.337121212121,0.568181818182,2018-01-30 02:10:53,positive
300,RT @NYSE: Which new flavor of @DietCoke are you most excited to try? (NYSE: $KO),0.337121212121,0.568181818182,2018-01-30 02:08:12,positive
301,RT @NYSE: Which new flavor of @DietCoke are you most excited to try? (NYSE: $KO),0.337121212121,0.568181818182,2018-01-30 02:08:02,positive
302,RT @NYSE: Which new flavor of @DietCoke are you most excited to try? (NYSE: $KO),0.337121212121,0.568181818182,2018-01-30 02:01:58,positive
303,RT @NYSE: Which new flavor of @DietCoke are you most excited to try? (NYSE: $KO),0.337121212121,0.568181818182,2018-01-30 02:01:34,positive
304,RT @MarketFoolery: What do Coke &amp; Pepsi think about the merger between Dr. Pepper Snapple &amp; Keurig Green Mtn?  @TMFJMo &amp; @t_Muckerman have‚Ä¶,-0.2,0.3,2018-01-30 01:56:23,negative
305,"RT @NYSE: This Opening Bell with @Dietcoke was a little feisty and a little twisted, but in the end helped us find our zest self (NYSE: $KO‚Ä¶",-0.291666666667,0.666666666667,2018-01-30 01:53:22,negative
306,RT @NYSE: Which new flavor of @DietCoke are you most excited to try? (NYSE: $KO),0.337121212121,0.568181818182,2018-01-30 01:52:33,positive
307,RT @NYSE: Which new flavor of @DietCoke are you most excited to try? (NYSE: $KO),0.337121212121,0.568181818182,2018-01-30 01:47:55,positive
308,"RT @NYSE: This Opening Bell with @Dietcoke was a little feisty and a little twisted, but in the end helped us find our zest self (NYSE: $KO‚Ä¶",-0.291666666667,0.666666666667,2018-01-30 01:39:24,negative
309,"RT @NYSE: This Opening Bell with @Dietcoke was a little feisty and a little twisted, but in the end helped us find our zest self (NYSE: $KO‚Ä¶",-0.291666666667,0.666666666667,2018-01-30 01:33:13,negative
310,RT @NYSE: Which new flavor of @DietCoke are you most excited to try? (NYSE: $KO),0.337121212121,0.568181818182,2018-01-30 01:32:07,positive
311,"RT @McD_Truth: IMO: DP has been a thorn in $KO side @ $MCD. 15 yrs ago DP was in a few/select mrkts. Now, in every McD! Just like w Heinz B‚Ä¶",0.0,0.0,2018-01-30 01:29:13,neutral
312,RT @NYSE: Which new flavor of @DietCoke are you most excited to try? (NYSE: $KO),0.337121212121,0.568181818182,2018-01-30 01:21:24,positive
313,RT @NYSE: Which new flavor of @DietCoke are you most excited to try? (NYSE: $KO),0.337121212121,0.568181818182,2018-01-30 01:12:20,positive
314,RT @NYSE: Which new flavor of @DietCoke are you most excited to try? (NYSE: $KO),0.337121212121,0.568181818182,2018-01-30 01:11:22,positive
315,Life Insurance Exam: Top 10 Ways To Ace Your Test https://t.co/Bgl2o6ko5S #lifeinsurance $SBUX $KO $PEP $SPY,0.5,0.5,2018-01-30 01:06:07,positive
316,"He missed that $DPS also got $715 mil from $KO. Then again, shit analysis from shit person. @JSiegel88‚Ä¶ https://t.co/wjlk60P63N",-0.2,0.8,2018-01-30 01:04:54,negative
317,RT @NYSE: Which new flavor of @DietCoke are you most excited to try? (NYSE: $KO),0.337121212121,0.568181818182,2018-01-30 01:04:17,positive
318,RT @NYSE: Which new flavor of @DietCoke are you most excited to try? (NYSE: $KO),0.337121212121,0.568181818182,2018-01-30 01:03:06,positive
319,RT @NYSE: Which new flavor of @DietCoke are you most excited to try? (NYSE: $KO),0.337121212121,0.568181818182,2018-01-30 00:57:06,positive
320,RT @NYSE: Which new flavor of @DietCoke are you most excited to try? (NYSE: $KO),0.337121212121,0.568181818182,2018-01-30 00:49:56,positive
321,RT @NYSE: Which new flavor of @DietCoke are you most excited to try? (NYSE: $KO),0.337121212121,0.568181818182,2018-01-30 00:43:55,positive
322,RT @NYSE: Which new flavor of @DietCoke are you most excited to try? (NYSE: $KO),0.337121212121,0.568181818182,2018-01-30 00:41:17,positive
323,RT @NYSE: Which new flavor of @DietCoke are you most excited to try? (NYSE: $KO),0.337121212121,0.568181818182,2018-01-30 00:33:38,positive
324,RT @NYSE: Which new flavor of @DietCoke are you most excited to try? (NYSE: $KO),0.337121212121,0.568181818182,2018-01-30 00:30:06,positive
325,RT @NYSE: Which new flavor of @DietCoke are you most excited to try? (NYSE: $KO),0.337121212121,0.568181818182,2018-01-30 00:24:39,positive
326,RT @NYSE: Which new flavor of @DietCoke are you most excited to try? (NYSE: $KO),0.337121212121,0.568181818182,2018-01-30 00:23:03,positive
327,Price Returns vs Expected Daily Move $DPS $HLF $TSLA $CL $HOG $PG $GM $BUD $KO $AAPL $F $GPRO‚Ä¶ https://t.co/wg3mIynF6w,-0.05,0.2,2018-01-30 00:11:48,negative
328,RT @NYSE: Which new flavor of @DietCoke are you most excited to try? (NYSE: $KO),0.337121212121,0.568181818182,2018-01-30 00:11:27,positive
329,RT @NYSE: Which new flavor of @DietCoke are you most excited to try? (NYSE: $KO),0.337121212121,0.568181818182,2018-01-30 00:09:31,positive
330,RT @NYSE: Which new flavor of @DietCoke are you most excited to try? (NYSE: $KO),0.337121212121,0.568181818182,2018-01-30 00:00:54,positive
331,RT @NYSE: Which new flavor of @DietCoke are you most excited to try? (NYSE: $KO),0.337121212121,0.568181818182,2018-01-29 23:59:16,positive
332,RT @NYSE: Which new flavor of @DietCoke are you most excited to try? (NYSE: $KO),0.337121212121,0.568181818182,2018-01-29 23:59:08,positive
333,RT @NYSE: Which new flavor of @DietCoke are you most excited to try? (NYSE: $KO),0.337121212121,0.568181818182,2018-01-29 23:58:32,positive
334,RT @NYSE: Which new flavor of @DietCoke are you most excited to try? (NYSE: $KO),0.337121212121,0.568181818182,2018-01-29 23:56:37,positive
335,RT @NYSE: Which new flavor of @DietCoke are you most excited to try? (NYSE: $KO),0.337121212121,0.568181818182,2018-01-29 23:56:27,positive
336,RT @NYSE: Which new flavor of @DietCoke are you most excited to try? (NYSE: $KO),0.337121212121,0.568181818182,2018-01-29 23:55:49,positive
337,RT @NYSE: Which new flavor of @DietCoke are you most excited to try? (NYSE: $KO),0.337121212121,0.568181818182,2018-01-29 23:50:52,positive
338,RT @NYSE: Which new flavor of @DietCoke are you most excited to try? (NYSE: $KO),0.337121212121,0.568181818182,2018-01-29 23:49:40,positive
339,RT @NYSE: Which new flavor of @DietCoke are you most excited to try? (NYSE: $KO),0.337121212121,0.568181818182,2018-01-29 23:46:50,positive
340,RT @NYSE: Which new flavor of @DietCoke are you most excited to try? (NYSE: $KO),0.337121212121,0.568181818182,2018-01-29 23:40:38,positive
341,Big Call Buyers https://t.co/LL6fTczRUn $SQ $SWN $NEM $MRVL $WDC $WRK $XOM $UPS $AXP $NDAQ $MNK $AABA $JD $KO $EAT $SOHU $RRC $MELI,0.0,0.1,2018-01-29 23:34:59,neutral
342,RT @NYSE: Which new flavor of @DietCoke are you most excited to try? (NYSE: $KO),0.337121212121,0.568181818182,2018-01-29 23:33:51,positive
343,RT @MarketFoolery: What do Coke &amp; Pepsi think about the merger between Dr. Pepper Snapple &amp; Keurig Green Mtn?  @TMFJMo &amp; @t_Muckerman have‚Ä¶,-0.2,0.3,2018-01-29 23:32:41,negative
344,RT @MarketFoolery: What do Coke &amp; Pepsi think about the merger between Dr. Pepper Snapple &amp; Keurig Green Mtn?  @TMFJMo &amp; @t_Muckerman have‚Ä¶,-0.2,0.3,2018-01-29 23:29:38,negative
345,RT @NYSE: Which new flavor of @DietCoke are you most excited to try? (NYSE: $KO),0.337121212121,0.568181818182,2018-01-29 23:29:15,positive
346,"RT @NYSE: This Opening Bell with @Dietcoke was a little feisty and a little twisted, but in the end helped us find our zest self (NYSE: $KO‚Ä¶",-0.291666666667,0.666666666667,2018-01-29 23:18:32,negative
347,RT @NYSE: Which new flavor of @DietCoke are you most excited to try? (NYSE: $KO),0.337121212121,0.568181818182,2018-01-29 23:16:03,positive
348,RT @NYSE: Which new flavor of @DietCoke are you most excited to try? (NYSE: $KO),0.337121212121,0.568181818182,2018-01-29 23:10:08,positive
349,RT @NYSE: Which new flavor of @DietCoke are you most excited to try? (NYSE: $KO),0.337121212121,0.568181818182,2018-01-29 23:08:03,positive
350,RT @NYSE: Which new flavor of @DietCoke are you most excited to try? (NYSE: $KO),0.337121212121,0.568181818182,2018-01-29 23:04:56,positive
351,"RT @carlquintanilla: - @DietCoke giving away some of its new flavors outside the @NYSE, If you‚Äôre in the neighborhood 

$KO #DietCoke https‚Ä¶",0.0681818181818,0.252272727273,2018-01-29 22:54:47,positive
352,RT @NYSE: Which new flavor of @DietCoke are you most excited to try? (NYSE: $KO),0.337121212121,0.568181818182,2018-01-29 22:50:20,positive
353,RT @NYSE: Which new flavor of @DietCoke are you most excited to try? (NYSE: $KO),0.337121212121,0.568181818182,2018-01-29 22:42:40,positive
354,RT @NYSE: Which new flavor of @DietCoke are you most excited to try? (NYSE: $KO),0.337121212121,0.568181818182,2018-01-29 22:42:40,positive
355,RT @NYSE: Which new flavor of @DietCoke are you most excited to try? (NYSE: $KO),0.337121212121,0.568181818182,2018-01-29 22:39:42,positive
356,"$KO:

Is Coca-Cola a Buy in 2018?:

https://t.co/7z9uVVeTii",0.0,0.0,2018-01-29 22:36:11,neutral
357,RT @NYSE: Which new flavor of @DietCoke are you most excited to try? (NYSE: $KO),0.337121212121,0.568181818182,2018-01-29 22:35:02,positive
358,RT @MarketFoolery: What do Coke &amp; Pepsi think about the merger between Dr. Pepper Snapple &amp; Keurig Green Mtn?  @TMFJMo &amp; @t_Muckerman have‚Ä¶,-0.2,0.3,2018-01-29 22:34:41,negative
359,RT @MarketFoolery: What do Coke &amp; Pepsi think about the merger between Dr. Pepper Snapple &amp; Keurig Green Mtn?  @TMFJMo &amp; @t_Muckerman have‚Ä¶,-0.2,0.3,2018-01-29 22:32:18,negative
360,RT @NYSE: Which new flavor of @DietCoke are you most excited to try? (NYSE: $KO),0.337121212121,0.568181818182,2018-01-29 22:32:04,positive
361,RT @NYSE: Which new flavor of @DietCoke are you most excited to try? (NYSE: $KO),0.337121212121,0.568181818182,2018-01-29 22:32:03,positive
362,RT @MarketFoolery: What do Coke &amp; Pepsi think about the merger between Dr. Pepper Snapple &amp; Keurig Green Mtn?  @TMFJMo &amp; @t_Muckerman have‚Ä¶,-0.2,0.3,2018-01-29 22:31:06,negative
363,RT @MarketFoolery: What do Coke &amp; Pepsi think about the merger between Dr. Pepper Snapple &amp; Keurig Green Mtn?  @TMFJMo &amp; @t_Muckerman have‚Ä¶,-0.2,0.3,2018-01-29 22:28:55,negative
364,RT @NYSE: Which new flavor of @DietCoke are you most excited to try? (NYSE: $KO),0.337121212121,0.568181818182,2018-01-29 22:20:00,positive
365,"RT @NYSE: This Opening Bell with @Dietcoke was a little feisty and a little twisted, but in the end helped us find our zest self (NYSE: $KO‚Ä¶",-0.291666666667,0.666666666667,2018-01-29 22:12:59,negative
366,What do Coke &amp; Pepsi think about the merger between Dr. Pepper Snapple &amp; Keurig Green Mtn?  @TMFJMo &amp; @t_Muckerman‚Ä¶ https://t.co/pgfyROc0eG,-0.2,0.3,2018-01-29 22:12:05,negative
367,RT @NYSE: Which new flavor of @DietCoke are you most excited to try? (NYSE: $KO),0.337121212121,0.568181818182,2018-01-29 22:11:24,positive
368,"RT @NYSE: This Opening Bell with @Dietcoke was a little feisty and a little twisted, but in the end helped us find our zest self (NYSE: $KO‚Ä¶",-0.291666666667,0.666666666667,2018-01-29 22:10:12,negative
369,RT @NYSE: Which new flavor of @DietCoke are you most excited to try? (NYSE: $KO),0.337121212121,0.568181818182,2018-01-29 22:06:16,positive
370,RT @NYSE: Which new flavor of @DietCoke are you most excited to try? (NYSE: $KO),0.337121212121,0.568181818182,2018-01-29 22:02:35,positive
371,RT @NYSE: Which new flavor of @DietCoke are you most excited to try? (NYSE: $KO),0.337121212121,0.568181818182,2018-01-29 21:57:09,positive
372,RT @NYSE: Which new flavor of @DietCoke are you most excited to try? (NYSE: $KO),0.337121212121,0.568181818182,2018-01-29 21:54:39,positive
373,"RT @NYSE: This Opening Bell with @Dietcoke was a little feisty and a little twisted, but in the end helped us find our zest self (NYSE: $KO‚Ä¶",-0.291666666667,0.666666666667,2018-01-29 21:47:09,negative
374,"RT @NYSE: This Opening Bell with @Dietcoke was a little feisty and a little twisted, but in the end helped us find our zest self (NYSE: $KO‚Ä¶",-0.291666666667,0.666666666667,2018-01-29 21:44:45,negative
375,"RT @NYSE: This Opening Bell with @Dietcoke was a little feisty and a little twisted, but in the end helped us find our zest self (NYSE: $KO‚Ä¶",-0.291666666667,0.666666666667,2018-01-29 21:42:05,negative
376,RT @NYSE: Which new flavor of @DietCoke are you most excited to try? (NYSE: $KO),0.337121212121,0.568181818182,2018-01-29 21:36:13,positive
377,"RT @NYSE: This Opening Bell with @Dietcoke was a little feisty and a little twisted, but in the end helped us find our zest self (NYSE: $KO‚Ä¶",-0.291666666667,0.666666666667,2018-01-29 21:33:48,negative
378,RT @NYSE: Which new flavor of @DietCoke are you most excited to try? (NYSE: $KO),0.337121212121,0.568181818182,2018-01-29 21:32:35,positive
379,RT @jamesommerville: Thanks to @NYSE This mornings Opening Bell with @Dietcoke was Up (NYSE: $KO) https://t.co/JCEZFemwpi,0.2,0.2,2018-01-29 21:31:35,positive
380,RT @NYSE: Which new flavor of @DietCoke are you most excited to try? (NYSE: $KO),0.337121212121,0.568181818182,2018-01-29 21:31:07,positive
381,Thanks to @NYSE This mornings Opening Bell with @Dietcoke was Up (NYSE: $KO) https://t.co/JCEZFemwpi,0.2,0.2,2018-01-29 21:17:02,positive
382,Coca Cola Co $Put $KO Holder Parallax Volatility Advisers LP Has Lowered Its Position by $35.36 Million as ...,0.0,0.0,2018-01-29 21:15:48,neutral
383,https://t.co/gu5gmbsWGe | 42s top5 $VCO $SKX $DECK $PVH $IBA | top5 mktGain $DPS $BTI $KO $PEP $PM | top5 mktLoss‚Ä¶ https://t.co/mpjlKrwgoi,0.0,0.0,2018-01-29 21:10:46,neutral
384,"$FB
$AAPL 
$CVX 
$KO 
$ORCL 
$T 
$V
$JNJ 
$VX
$HD
$XOM",0.0,0.0,2018-01-29 21:03:21,neutral
385,"RT @NYSE: This Opening Bell with @Dietcoke was a little feisty and a little twisted, but in the end helped us find our zest self (NYSE: $KO‚Ä¶",-0.291666666667,0.666666666667,2018-01-29 21:01:59,negative
386,Fund Gives Exposure to Large-Cap Growth Companies $VUG $AAPL $AMZN $FB $GOOGL $GOOG $HD $V $CMCSA $KO $PM https://t.co/LRiQId4kxF,0.0,0.0,2018-01-29 20:51:49,neutral
387,RT @BrandonVanZee: My Dividend Aristocrat Mt. Rushmore continues to cruise to all-time highs. $JNJ $KO $PG $MMM https://t.co/J7skX7Rn21,0.0,0.0,2018-01-29 20:48:18,neutral
388,"Coca Cola Co $KO Valuation Rose While Mark Sheptoff Financial Planning Has Decreased Position by $341,484 ...",0.0666666666667,0.55,2018-01-29 20:35:16,positive
389,@LaMonicaBuzz @TheStephSy @cnni Pepsi has snacks. Dr. Pepper is now part of a restaurant/beverage empire.  I'm not‚Ä¶ https://t.co/IFFlbWfurJ,0.0,0.0,2018-01-29 20:32:30,neutral
390,$BA $COST $CVX $JNJ $KO $LMT $MCD $MMM $MFT Dealing With The 'Problem' Of Owning Overvalued Dividend Growth Stocks‚Ä¶ https://t.co/qVOUBFlnMU,0.0,0.0,2018-01-29 20:19:32,neutral
391,Appeals court to take up San Fran soda case https://t.co/H3PgsSsDhw $KO $PEP $MNST $DPS,0.0,0.0,2018-01-29 20:12:43,neutral
392,Appeals court to take up San Fran soda case https://t.co/drYfQZfo5S $KO $PEP $MNST $DPS,0.0,0.0,2018-01-29 20:12:43,neutral
393,https://t.co/gu5gmbsWGe | 42s top5 $VCO $SKX $DECK $PVH $IBA | top5 mktGain $DPS $BTI $KO $PM $BUD | top5 mktLoss‚Ä¶ https://t.co/0rOJXF5TlY,0.0,0.0,2018-01-29 20:10:34,neutral
394,"$KO:

‚ÄòDrink Plants‚Äô: Coca-Cola juice maker launches ‚Äòfirst-ever integrated ‚Ä¶:

https://t.co/5incjNgfjq",0.0,0.0,2018-01-29 19:48:20,neutral
395,$KO is Bullish above $47.96. Trade near  $47.96 https://t.co/3SUv20JIZw https://t.co/PRP64sZCPi,0.05,0.25,2018-01-29 19:36:20,positive
396,RT @NYSE: Which new flavor of @DietCoke are you most excited to try? (NYSE: $KO),0.337121212121,0.568181818182,2018-01-29 19:33:05,positive
397,RT @NYSE: Which new flavor of @DietCoke are you most excited to try? (NYSE: $KO),0.337121212121,0.568181818182,2018-01-29 19:31:58,positive
398,RT @NYSE: Which new flavor of @DietCoke are you most excited to try? (NYSE: $KO),0.337121212121,0.568181818182,2018-01-29 19:25:52,positive
399,RT @stockspastor: $KO is overbought and now sitting at a resistance.  Pullback imminent,0.0,0.0,2018-01-29 19:24:35,neutral
400,Did you bank on $KO alert given on Friday?  Nice easy money today https://t.co/YkGYhhnAQl,0.516666666667,0.916666666667,2018-01-29 19:14:52,positive
401,Adage Capital Partners Gp Has Trimmed Coca Cola Co $KO Position https://t.co/Iam6vWTiBj,0.0,0.0,2018-01-29 19:09:54,neutral
402,"RT @NYSE: This Opening Bell with @Dietcoke was a little feisty and a little twisted, but in the end helped us find our zest self (NYSE: $KO‚Ä¶",-0.291666666667,0.666666666667,2018-01-29 19:09:08,negative
403,https://t.co/gu5gmbsWGe | 42s top5 $VCO $SKX $DECK $PVH $IBA | top5 mktGain $DPS $BTI $PM $SNE $KO | top5 mktLoss‚Ä¶ https://t.co/m4j0mYZNNt,0.0,0.0,2018-01-29 19:08:18,neutral
404,"$KO:

Minute Maid gets new president amid series of Coca-Cola promotions:

https://t.co/JY7hiTjfcN",0.136363636364,0.454545454545,2018-01-29 18:41:06,positive
405,@OptionsHawk Also $KO isn‚Äôt necessarily the only one who can potentially buyout $MNST They also had a 16% in $GMCR‚Ä¶ https://t.co/Ib21pkkwuy,0.0,1.0,2018-01-29 18:39:19,neutral
406,Coca Cola Co $KO Holder Bank Of The West Has Lowered Its Stake https://t.co/4h5bfCwWDU,0.0,0.0,2018-01-29 18:36:05,neutral
407,"@OptionsHawk $KO owns about 16% of $MNST and has earnings next week. If they‚Äôre going to do a takeover soon, I woul‚Ä¶ https://t.co/KbH3VkyIlj",0.0,0.0,2018-01-29 18:28:40,neutral
408,"$DPS $KO $GMCR:

Keurig Deal Puts Pressure on Coca-Cola to Seek Its Own Targets:

https://t.co/dA63nrmB3F",0.6,1.0,2018-01-29 18:28:21,positive
409,"RT @carlquintanilla: - @DietCoke giving away some of its new flavors outside the @NYSE, If you‚Äôre in the neighborhood 

$KO #DietCoke https‚Ä¶",0.0681818181818,0.252272727273,2018-01-29 18:28:09,positive
410,"RT @TheDomino: 68 RECORD S&amp;P 500 HIGHS so far in trading today, incl:
Amazon $AMZN
Alphabet $GOOGL
Microsoft $MSFT
Nvidia $NVDA
Salesforce‚Ä¶",0.1,1.0,2018-01-29 18:10:07,positive
411,https://t.co/gu5gmbsWGe | 42s top5 $VCO $SKX $DECK $PVH $IBA | top5 mktGain $DPS $BTI $KO $BUD $SNE | top5 mktLoss‚Ä¶ https://t.co/hhvOMB5Mbz,0.0,0.0,2018-01-29 18:08:08,neutral
412,"$DPS $KO $PEP:

Go Ahead and Take Profits on the Dr Pepper Snapple Group Inc ‚Ä¶:

https://t.co/fNkrwoouig",0.0,0.0,2018-01-29 18:05:06,neutral
413,"RT @NYSE: This Opening Bell with @Dietcoke was a little feisty and a little twisted, but in the end helped us find our zest self (NYSE: $KO‚Ä¶",-0.291666666667,0.666666666667,2018-01-29 18:03:46,negative
414,Oooo $KO handing out samples of their  #dietcoke @NYSE clad in fresh water drops like the movies. I‚Äôm all about the‚Ä¶ https://t.co/mD1yBDsSNN,0.3,0.5,2018-01-29 18:02:56,positive
415,"RT @carlquintanilla: - @DietCoke giving away some of its new flavors outside the @NYSE, If you‚Äôre in the neighborhood 

$KO #DietCoke https‚Ä¶",0.0681818181818,0.252272727273,2018-01-29 17:48:26,positive
416,"- @DietCoke giving away some of its new flavors outside the @NYSE, If you‚Äôre in the neighborhood 

$KO #DietCoke https://t.co/Su21aJ7UPV",0.0681818181818,0.252272727273,2018-01-29 17:47:24,positive
417,Keurig Acquires Dr. Pepper Snapple; Combined Company to List and Trade Publicly - Dr. Fly $DPS $KO $PEP  https://t.co/boR6ZMjIzI,0.4,0.483333333333,2018-01-29 17:47:16,positive
418,"RT @NYSE: This Opening Bell with @Dietcoke was a little feisty and a little twisted, but in the end helped us find our zest self (NYSE: $KO‚Ä¶",-0.291666666667,0.666666666667,2018-01-29 17:42:47,negative
419,"$KO $PEP:

Major Tech Earnings in Focus:

https://t.co/rD9VHTOmnp",0.0625,0.5,2018-01-29 17:35:08,positive
420,Analyst Has 5 Top Weak Dollar Stocks to Buy Right Now https://t.co/OJgXm5qN8U $MO $XOM $KO $MCD $PG,0.136904761905,0.553571428571,2018-01-29 17:34:00,positive
421,52-Week High Alert: Trading today‚Äôs movement in COCA-COLA $KO https://t.co/2ZPPR7y28E https://t.co/WEzNuFB5pt,0.16,0.54,2018-01-29 17:29:40,positive
422,"RT @NYSE: This Opening Bell with @Dietcoke was a little feisty and a little twisted, but in the end helped us find our zest self (NYSE: $KO‚Ä¶",-0.291666666667,0.666666666667,2018-01-29 17:27:00,negative
423,$KO Max Pain=46.50. Maturity=02/02/2018. #maxpain #options https://t.co/CL5zml4Bk1 https://t.co/7PGdQFgIdT,0.0,0.0,2018-01-29 17:25:51,neutral
424,"RT @NYSE: This Opening Bell with @Dietcoke was a little feisty and a little twisted, but in the end helped us find our zest self (NYSE: $KO‚Ä¶",-0.291666666667,0.666666666667,2018-01-29 17:25:06,negative
425,"RT @GillianTan: Sound familiar, Coke? via @blsuth $KO $DPS https://t.co/SgtR9rJ3eU",0.3875,0.45,2018-01-29 17:23:55,positive
426,"Sold $AGG &amp; $KO then moved into a new ETF: $DEF.

Added a bit to $LIT because I didn't feel like buying individual‚Ä¶ https://t.co/WYFkEjX6wv",0.136363636364,0.454545454545,2018-01-29 17:22:14,positive
427,RT @NYSE: Which new flavor of @DietCoke are you most excited to try? (NYSE: $KO),0.337121212121,0.568181818182,2018-01-29 17:16:13,positive
428,https://t.co/gu5gmbsWGe | 42s top5 $VCO $SKX $DECK $PVH $IBA | top5 mktGain $DPS $BTI $KO $BUD $SNE | top5 mktLoss‚Ä¶ https://t.co/f8CjCECW05,0.0,0.0,2018-01-29 17:16:10,neutral
429,"RT @NYSE: This Opening Bell with @Dietcoke was a little feisty and a little twisted, but in the end helped us find our zest self (NYSE: $KO‚Ä¶",-0.291666666667,0.666666666667,2018-01-29 17:15:24,negative
430,"Sound familiar, Coke? via @blsuth $KO $DPS https://t.co/SgtR9rJ3eU",0.3875,0.45,2018-01-29 17:15:19,positive
431,"$KO d,60 on Watch https://t.co/7pPAY0NfFs",0.0,0.0,2018-01-29 17:11:28,neutral
432,"$DPS $PEP $KO:

Dr Pepper Snapple climbs 24% as Keurig agrees to $18.7B purchase:

https://t.co/7RjVfLKcJb",0.0,0.0,2018-01-29 17:08:18,neutral
433,"$KO $GMCR $DPS:

Keurig Turns the Tables on Coke:

https://t.co/Xjedhzwd5G",0.0,0.0,2018-01-29 17:08:17,neutral
434,"So, Dr.Pepper/Snapple have been co-distributed by both @CocaCola and @Pepsi... how will this news affect that? Esp.‚Ä¶ https://t.co/em219US9pt",0.0,0.0,2018-01-29 17:06:55,neutral
435,"RT @NYSE: This Opening Bell with @Dietcoke was a little feisty and a little twisted, but in the end helped us find our zest self (NYSE: $KO‚Ä¶",-0.291666666667,0.666666666667,2018-01-29 17:05:59,negative
436,RT @BrandonVanZee: @clair520 Good call. Looks like that might actually happen. I just watched the interview with the CEO on @CNBC. This dea‚Ä¶,0.35,0.35,2018-01-29 17:05:02,positive
437,RT @clair520: $KO was 1 of the 1st American Companies to begin selling in China in 1979. $DIS soon followed. Cater Center is a fun place 4‚Ä¶,0.0666666666667,0.1,2018-01-29 17:04:54,positive
438,"#OTD 1892 - Coca-Cola is incorporated. It would not be sold to the public until 1919.

For more on $KO history: https://t.co/k7s2r0via9",0.25,0.283333333333,2018-01-29 17:04:01,positive
439,Mcdaniel Terry &amp; Co Has Cut Coca $KO Position https://t.co/1x7TBiURDm,0.0,0.0,2018-01-29 16:53:15,neutral
440,RT @NYSE: Which new flavor of @DietCoke are you most excited to try? (NYSE: $KO),0.337121212121,0.568181818182,2018-01-29 16:53:02,positive
441,"RT @NYSE: This Opening Bell with @Dietcoke was a little feisty and a little twisted, but in the end helped us find our zest self (NYSE: $KO‚Ä¶",-0.291666666667,0.666666666667,2018-01-29 16:49:39,negative
442,"This Opening Bell with @Dietcoke was a little feisty and a little twisted, but in the end helped us find our zest s‚Ä¶ https://t.co/ionqTE8mTO",-0.291666666667,0.666666666667,2018-01-29 16:38:31,negative
443,Which new flavor of @DietCoke are you most excited to try? (NYSE: $KO),0.337121212121,0.568181818182,2018-01-29 16:37:29,positive
444,@StockboyP $ko will be less bad than many others when what I am expecting to happen does happen #marketcrash,-0.122222222222,0.411111111111,2018-01-29 16:35:14,negative
445,$spy $ko $hlf examples for buy waht is strong on overall market weakness ;-),0.227777777778,0.577777777778,2018-01-29 16:10:34,positive
446,RT @onehedgehog: $gbtc to $20+ $immr back above $11.5 later and $igap soon enough!!!! $pxs  $drys $tgc  $teum $mara $grow $rlog $isrg $adms‚Ä¶,0.0,0.15,2018-01-29 16:10:32,neutral
447,"$spy better wait, scan after market close and check what has been strong ;-). my $ko and $hlf calls were perfect",0.545833333333,0.808333333333,2018-01-29 16:10:10,positive
448,https://t.co/gu5gmbsWGe | 42s top5 $VCO $SKX $DECK $PVH $IBA | top5 mktGain $DPS $BUD $BTI $KO $PM | top5 mktLoss‚Ä¶ https://t.co/wX4kgh1Xhf,0.0,0.0,2018-01-29 16:09:14,neutral
449,Vgi Partners Pty LTD Has Upped Position in Coca Cola Co $KO by $9.09 Million https://t.co/Fm3XSXmdhX,0.0,0.0,2018-01-29 15:55:25,neutral
450,Coke shares down 1.8% today. People actually think the Dr Pepper/Keurig combo is going to hit hard enough to do $3.‚Ä¶ https://t.co/jBTT11VCVX,-0.111805555556,0.357638888889,2018-01-29 15:51:31,negative
451,$gbtc to $20+ $immr back above $11.5 later and $igap soon enough!!!! $pxs  $drys $tgc  $teum $mara $grow $rlog‚Ä¶ https://t.co/ovGzKcNVPM,0.0,0.15,2018-01-29 15:45:22,neutral
452,RT @clair520: $KO was 1 of the 1st American Companies to begin selling in China in 1979. $DIS soon followed. Cater Center is a fun place 4‚Ä¶,0.0666666666667,0.1,2018-01-29 15:45:07,positive
453,"Taking a look at the Dogs of the Dow for 2018. $VZ $IBM $PFE $XOM $CVX $MRK $KO $CSCO $PG $GE

https://t.co/TdF1Aeb0lH",0.0,0.0,2018-01-29 15:45:06,neutral
454,"Coca $KO Share Price Rose While Armstrong Henry H Associates Lowered Its Position by $456,300 ...",0.6,0.95,2018-01-29 15:37:41,positive
455,RT @clair520: $KO was 1 of the 1st American Companies to begin selling in China in 1979. $DIS soon followed. Cater Center is a fun place 4‚Ä¶,0.0666666666667,0.1,2018-01-29 15:33:46,positive
456,The Coca-Cola Co: Heavy volume for Coca-Cola Company (The) stock. $KO https://t.co/HzDteQOixE https://t.co/dNBdlaQlZr,-0.2,0.5,2018-01-29 15:33:44,negative
457,RT @clair520: $KO was 1 of the 1st American Companies to begin selling in China in 1979. $DIS soon followed. Cater Center is a fun place 4‚Ä¶,0.0666666666667,0.1,2018-01-29 15:31:39,positive
458,$KO was 1 of the 1st American Companies to begin selling in China in 1979. $DIS soon followed. Cater Center is a fu‚Ä¶ https://t.co/Es74QdCgFU,-0.05,0.05,2018-01-29 15:30:34,negative
459,"5 Companies with the Strongest Balance Sheets in the World @themotleyfool #stocks $BRK-B, $AAPL, $MSFT, $GOOGL,‚Ä¶ https://t.co/1NXPoWeChP",0.0,0.0,2018-01-29 15:24:12,neutral
460,The Coca-Cola Co: Heavy volume for Coca-Cola Company (The) stock. $KO https://t.co/HzDteQOixE https://t.co/5SznvLG6eV,-0.2,0.5,2018-01-29 15:23:25,negative
461,Get the latest news and updates for $LECO $UTSI $KO $MAN $MGI automatically with MarketBeat Daily https://t.co/nSJuDsYidj,0.25,0.45,2018-01-29 15:19:00,positive
462,RT @BrandonVanZee: @clair520 Good call. Looks like that might actually happen. I just watched the interview with the CEO on @CNBC. This dea‚Ä¶,0.35,0.35,2018-01-29 15:18:33,positive
463,@clair520 Good call. Looks like that might actually happen. I just watched the interview with the CEO on @CNBC. Thi‚Ä¶ https://t.co/fodvO5X9Ws,0.35,0.35,2018-01-29 15:18:22,positive
464,The Coca-Cola Co $KO Shares Sold by Barr E S &amp; Co. https://t.co/HND7RtjUjN,0.0,0.0,2018-01-29 15:17:02,neutral
465,$KO weekly chart shows a great multi year breakout to all time highs for Coca-Cola. https://t.co/NwvI46td7V,0.8,0.75,2018-01-29 15:16:04,positive
466,$gbtc to $20+ $immr back above $11.5 later and $igap soon enough!!!! $pxs  $drys $tgc  $teum $mara $grow $rlog‚Ä¶ https://t.co/WatOVQeHoi,0.0,0.15,2018-01-29 15:12:47,neutral
467,https://t.co/gu5gmbsWGe | 42s top5 $VCO $SKX $DECK $PVH $IBA | top5 mktGain $DPS $BUD $BTI $KO $PM | top5 mktLoss‚Ä¶ https://t.co/6PSyeXZOoK,0.0,0.0,2018-01-29 15:11:09,neutral
468,$NBEV   We'll make a believer out of you yet  $KO $PEP $MNST $FIZZ $COT,0.0,0.0,2018-01-29 15:04:05,neutral
469,"IMO: DP has been a thorn in $KO side @ $MCD. 15 yrs ago DP was in a few/select mrkts. Now, in every McD! Just like‚Ä¶ https://t.co/D9ES0ogZSu",0.0,0.0,2018-01-29 14:58:29,neutral
470,RT @clair520: @BrandonVanZee Thanks Coach for always keeping us posted on $XLP sector. Totally agreed that it's very interesting another be‚Ä¶,0.283333333333,0.533333333333,2018-01-29 14:55:31,positive
471,RT @clair520: @BrandonVanZee Thanks Coach for always keeping us posted on $XLP sector. Totally agreed that it's very interesting another be‚Ä¶,0.283333333333,0.533333333333,2018-01-29 14:54:21,positive
472,@BrandonVanZee Thanks Coach for always keeping us posted on $XLP sector. Totally agreed that it's very interesting‚Ä¶ https://t.co/Tbg5HIWNDw,0.133333333333,0.416666666667,2018-01-29 14:52:24,positive
473,"What about $FIZZ? Who wants it? $KO $PEP $BUD 
#beverage",0.2,0.1,2018-01-29 14:50:38,positive
474,"Keurig to buy Pepper Snapple to form beverage giant $DPS $MDLZ $KO $PEP - https://t.co/go1k0H2O8B

Top 100 Stories‚Ä¶ https://t.co/KooBwJqZqX",0.25,0.75,2018-01-29 14:42:40,positive
475,Strategic Wealth Advisors Groupinc Trimmed Its Coca Cola Company $KO Holding https://t.co/haTa1SRMLR,0.0,0.0,2018-01-29 14:35:22,neutral
476,RT @eleconomistany: Let‚Äôs the tasting begin. New @CocaCola @DietCoke flavors @nyse. What‚Äôs your favorite? I‚Äôm going for #zestybloodorange o‚Ä¶,0.318181818182,0.727272727273,2018-01-29 14:30:03,positive
477,"RT @NYSE: What: Be one of the first to try all 4 new Diet Coke flavors
Where: Outside the NYSE
When: Mon, Jan 29th, 8:30am-1:00pm
Who: @Die‚Ä¶",0.128787878788,0.279292929293,2018-01-29 14:29:24,positive
478,RT @eleconomistany: Let‚Äôs the tasting begin. New @CocaCola @DietCoke flavors @nyse. What‚Äôs your favorite? I‚Äôm going for #zestybloodorange o‚Ä¶,0.318181818182,0.727272727273,2018-01-29 14:28:55,positive
479,Let‚Äôs the tasting begin. New @CocaCola @DietCoke flavors @nyse. What‚Äôs your favorite? I‚Äôm going for‚Ä¶ https://t.co/tiWUVMAzTX,0.318181818182,0.727272727273,2018-01-29 14:27:02,positive
480,"RT @rob1cox: As JAB does a reverse takeover into Dr Pepper, it's worth remembering when $KO spent $1.25bn for a stake in Keurig Green Mount‚Ä¶",-9.25185853854e-18,0.166666666667,2018-01-29 14:07:04,neutral
481,Watch Live- The Coca-Cola Company Rings The NYSE Opening Bell üîî $KO #NYSE #RingMyBell https://t.co/JAwpOPLX5m https://t.co/dRm0JLfeiV,0.136363636364,0.5,2018-01-29 14:05:15,positive
482,"$DPS $KO $PEP:

Coca-Cola, Pepsi Find There‚Äôs a New Beverage Giant to Contend With:

https://t.co/kQ59bUj7UF",0.0681818181818,0.727272727273,2018-01-29 14:05:11,positive
483,"As JAB does a reverse takeover into Dr Pepper, it's worth remembering when $KO spent $1.25bn for a stake in Keurig‚Ä¶ https://t.co/gSGu31oo3E",0.1,0.1,2018-01-29 14:03:41,positive
484,$KO Will the news in the beverage industry stall this from reaching $49-50? https://t.co/BoKGEC3oRl,0.0,0.0,2018-01-29 13:40:39,neutral
485,This Fund Gives Exposure to Large-Cap Growth Companies $VUG $AAPL $AMZN $GOOGL $GOOG $HD $V $CNCSA $KO $PM  https://t.co/LRiQId4kxF,0.0,0.0,2018-01-29 13:21:33,neutral
486,$KO Looks like Cokes on its way to 50 per share.,0.0,0.0,2018-01-29 13:17:08,neutral
487,From Coke to Dr Pepper for Keurig. Quite the comedown. $KO $DPS,0.0,0.0,2018-01-29 13:00:50,neutral
488,"Brookstone Capital Management Lowered By $501,615 Its Coca Cola Co $KO Holding https://t.co/gkDNJdDbzt",0.0,0.0,2018-01-29 12:55:34,neutral
489,The Coca-Cola Company $KO EPS Estimated At $0.38 https://t.co/6WxZfRDODd,0.0,0.0,2018-01-29 12:54:50,neutral
490,@cfromhertz Large $PEP and $KO calls lately interesting,0.357142857143,0.464285714286,2018-01-29 12:46:45,positive
491,"This Day in Stock Market History: 
1892-Coca-Cola $KO incorporated
2001-NYSE quotes all stocks in decimal form
more: https://t.co/k7s2r0via9",0.5,0.5,2018-01-29 12:30:00,positive
492,"RT @NYSE: What: Be one of the first to try all 4 new Diet Coke flavors
Where: Outside the NYSE
When: Mon, Jan 29th, 8:30am-1:00pm
Who: @Die‚Ä¶",0.128787878788,0.279292929293,2018-01-29 12:21:20,positive
493,Sign up for Profectus Systems and beat the market $INTC $WDC $STX $SPY $QQQ $DIA $SPX $VIX $XIV $SVXY $UVXY $DGAZ $UGAZ $PEP $KO $HD,0.0,0.0,2018-01-29 11:12:40,neutral
494,"Asset Advisors Cut By $532,800 Its Coca $KO Position https://t.co/rw1lIbM8Ph",0.0,0.0,2018-01-29 11:12:36,neutral
495,The Coca-Cola Co $KO Position Cut by Staley Capital Advisers Inc. https://t.co/h20PhXWMZ2,0.0,0.0,2018-01-29 10:57:06,neutral
496,The Coca-Cola Co $KO Holdings Boosted by Wade G W &amp; Inc. https://t.co/YMTV1ov8KB,0.0,0.0,2018-01-29 10:53:07,neutral
497,"RT @VistaPResearch: Lunar Eclipse, #Supermoon, Blue Moon Coincide Next Week; Here's When and How to See It https://t.co/wW7PXcREJU #weather‚Ä¶",0.0,0.05,2018-01-29 10:47:54,neutral
498,"Pegasus Partners Ltd. Has $548,000 Position in The Coca-Cola Co $KO https://t.co/5J2QkvybLy",0.0,0.0,2018-01-29 10:37:45,neutral
499,"Moody National Bank Trust Division Has Lowered By $333,000 Its Coca Cola Company $KO Holding ...",0.0,0.0,2018-01-29 10:33:30,neutral
500,The Coca-Cola Co $KO Holdings Boosted by Legal &amp; General Group Plc https://t.co/W37qx5QhyA,0.125,0.35,2018-01-29 10:28:21,positive
501,https://t.co/zkwrjD3miQ &lt;&lt;-- We have had many SuperTrade alerts give us &gt;50% gain injust 2 weeks! $UNXL $AIG $KO $MNST $S $WTW $MDU,0.625,0.5,2018-01-29 10:15:16,positive
502,"Ffcm LLC Sells 18,170 Shares of The Coca-Cola Co $KO https://t.co/11k5kf5SpZ",0.0,0.0,2018-01-29 09:56:54,neutral
503,The Coca-Cola Co $KO Shares Bought by Eagle Asset Management Inc. https://t.co/qyySDb7Zg9,0.0,0.0,2018-01-29 09:55:59,neutral
504,2018-01-26 Short volume percent for $QQQ is 60%. https://t.co/M9kPKi4M3l $PSTG 36% $KO 53% $FEZ 75% $TRV 38%,0.0,0.3,2018-01-29 09:54:01,neutral
505,"Achmea Investment Management B.V. Buys 16,805 Shares of The Coca-Cola Co $KO https://t.co/VVZOiAVfnT",0.0,0.0,2018-01-29 09:16:36,neutral
506,$KO https://t.co/ZTIcvYqTx7 Pot. cont. Uptrend LONGERTERM Wly-Dly-Hly combo chart #CocaCola #Stocks https://t.co/Y3cCJ9v0qH,0.0,0.0,2018-01-29 06:21:21,neutral
507,"Lunar Eclipse, #Supermoon, Blue Moon Coincide Next Week; Here's When and How to See It https://t.co/wW7PXcREJU‚Ä¶ https://t.co/ZHRbEPx2aA",0.0,0.05,2018-01-29 03:56:46,neutral
508,$KO beautiful breakout from almost a two year base... long https://t.co/p5YJ8bjFYG,-2.31296463464e-17,0.8,2018-01-29 02:59:15,neutral
509,RT @BrandonVanZee: My Dividend Aristocrat Mt. Rushmore continues to cruise to all-time highs. $JNJ $KO $PG $MMM https://t.co/J7skX7Rn21,0.0,0.0,2018-01-29 02:40:45,neutral
510,This Fund Gives Exposure to Large-Cap Growth Companies $VUG $HD $V $CMCSA $PM $AAPL $AMZN $FB $GOOG $HD $V $KO $PM https://t.co/LRiQId4kxF,0.0,0.0,2018-01-29 02:37:59,neutral
511,"RT @NYSE: What: Be one of the first to try all 4 new Diet Coke flavors
Where: Outside the NYSE
When: Mon, Jan 29th, 8:30am-1:00pm
Who: @Die‚Ä¶",0.128787878788,0.279292929293,2018-01-29 01:57:59,positive
512,"RT @NYSE: What: Be one of the first to try all 4 new Diet Coke flavors
Where: Outside the NYSE
When: Mon, Jan 29th, 8:30am-1:00pm
Who: @Die‚Ä¶",0.128787878788,0.279292929293,2018-01-29 00:35:25,positive
513,"Consumer #Staples may have interest rates and #inflation against them, but some exposure is prudent - I discussed w‚Ä¶ https://t.co/8ky9jx5lbm",0.0,0.0,2018-01-29 00:27:29,neutral
514,Darvas box breakout. $KO https://t.co/I2jQxpzoKQ,0.0,0.0,2018-01-28 23:06:47,neutral
515,"RT @NYSE: What: Be one of the first to try all 4 new Diet Coke flavors
Where: Outside the NYSE
When: Mon, Jan 29th, 8:30am-1:00pm
Who: @Die‚Ä¶",0.128787878788,0.279292929293,2018-01-28 22:59:21,positive
516,"https://t.co/hfm26q5WYx 
Check out my video on 20 great dividend stocks for 2018!
$T, $WBA, $TROW, $MMM, $AFL, $O,‚Ä¶ https://t.co/42iIKeo2HV",1.0,0.75,2018-01-28 22:37:13,positive
517,@iv_trader I sold my last traunch of $ORCL on Friday (Feb $52C .30 to $4.03) and can't help but feeling I may have‚Ä¶ https://t.co/z0VcxG78YM,0.0,0.0666666666667,2018-01-28 22:25:32,neutral
518,"#stocks #ETF to #review
$JPSE $JPUS $JPXN $JUNO $KALV $KBE $KBWB $KBWP $KCE $KDMN $KEYW $KFFB $KIM $KNOW $KNX $KO‚Ä¶ https://t.co/5EdpyAKvxX",0.0,0.0,2018-01-28 22:09:26,neutral
519,"RT @NYSE: What: Be one of the first to try all 4 new Diet Coke flavors
Where: Outside the NYSE
When: Mon, Jan 29th, 8:30am-1:00pm
Who: @Die‚Ä¶",0.128787878788,0.279292929293,2018-01-28 21:47:59,positive
